קטגוריה ראשית,קטגוריה משנית,תיאור פריט ,"מק""ט",ברקוד,"מק""ט ספק",שם חברה\יצרן,תמונה,תיאור מוצר ארוך,כמות באריזה,מחיר כולל מעמ,עלות לפני מעמ
כלי גינון,ידני,מטאטא שביל מולטי-סטאר,1010000001,4009269158503,B30M,דן אור-וולף,1010000001.jpg,1010000001.doc,1,₪ 75.00,
כלי גינון,ידני,מטאטא שביל רחב,1010000002,4009269158510,B40M,דן אור-וולף,1010000002.jpg,1010000002.doc,1,₪ 75.00,
כלי גינון,ידני,מטאטא שביל / בית,1010000003,4009269158565,BF-40M,דן אור-וולף,1010000003.jpg,1010000003.doc,1,₪ 75.00,
כלי גינון,ידני,מגב משולב מולטי-סטאר,1010000004,4009269158527,BW45M,דן אור-וולף,1010000004.jpg,1010000004.doc,1,₪ 75.00,
כלי גינון,ידני,מגרפת קשת מולטי סטאר,1010000005,4009269120609,DO-M40,דן אור-וולף,1010000005.jpg,1010000005.doc,1,₪ 85.00,
כלי גינון,ידני,מגרפה מולטי סטאר,1010000006,4009269121408,DR-M30,דן אור-וולף,1010000006.jpg,1010000006.doc,1,₪ 75.00,
כלי גינון,ידני,מקלטר מולטי-סטאר,1010000007,4009269110006,BA-M,דן אור-וולף,1010000007.jpg,1010000007.doc,1,₪ 55.00,
כלי גינון,ידני,15 מעדר ומעשב מולטי-סטאר,1010000008,4009269134507,HO-M15,דן אור-וולף,1010000008.jpg,1010000008.doc,1,₪ 75.00,
כלי גינון,ידני,מספרי גדר טלסקופית,1010000009,400926305860,hs1000t,דן אור-וולף,1010000009.jpg,1010000009.doc,1,₪ 320.00,
כלי גינון,ידני,מספרי גדר עם להם גלי,1010000010,4009269743907,HS-W,דן אור-וולף,1010000010.jpg,1010000010.doc,1,₪ 180.00,
כלי גינון,ידני,מקלטר משולב מולטי-סטאר,1010000011,4009269138000,IE-M,דן אור-וולף,1010000011.jpg,1010000011.doc,1,₪ 85.00,
כלי גינון,ידני,מעדרון משולב 3 מולטי-סטאר,1010000012,4009269139403,IL-M3,דן אור-וולף,1010000012.jpg,1010000012.doc,1,₪ 60.00,
כלי גינון,ידני,מעדרון משולב מולטי-סטאר,1010000013,4009269139601,IM-M,דן אור-וולף,1010000013.jpg,1010000013.doc,1,₪ 50.00,
כלי גינון,ידני,מקלטר משולב מיני,1010000014,4009269171564,LB-M/ZM30,דן אור-וולף,1010000014.jpg,1010000014.doc,1,₪ 50.00,
כלי גינון,ידני,מטאטא גן מיני,1010000015,4009269173568,LD-M/ZM30,דן אור-וולף,1010000015.jpg,1010000015.doc,1,₪ 50.00,
כלי גינון,ידני,מגרפה מיני,1010000016,4009269173568,ljm/zm30,דן אור-וולף,1010000016.jpg,1010000016.doc,1,₪ 50.00,
כלי גינון,ידני,מעדרון משולב מיני,1010000017,4009269176668,LL-M/ZM30,דן אור-וולף,1010000017.jpg,1010000017.doc,1,₪ 50.00,
כלי גינון,ידני,כף שתילה מקצועית רחבה,1010000018,4009269291507,LU-2K,דן אור-וולף,1010000018.jpg,1010000018.doc,1,₪ 35.00,
כלי גינון,ידני,כף שתילה מקצועית צרה,1010000019,4009269291620,LU-2P,דן אור-וולף,1010000019.jpg,1010000019.doc,1,₪ 35.00,
כלי גינון,ידני,כף שתילה מגולוונת צרה,1010000020,4009269277402,LU-P,דן אור-וולף,1010000020.jpg,1010000020.doc,1,₪ 25.00,
כלי גינון,ידני,כף שתילה מגלוונת רחבה,1010000021,4009269277006,LU-Z,דן אור-וולף,1010000021.jpg,1010000021.doc,1,₪ 55.00,
כלי גינון,ידני,סט כלים מיני,1010000022,4009269375030,p-243,דן אור-וולף,1010000022.jpg,1010000022.doc,1,₪ 125.00,
כלי גינון,ידני,מזמרת גבהים מולטי-סטאר,1010000023,4009269152006,RC-M,דן אור-וולף,1010000023.jpg,1010000023.doc,1,₪ 230.00,
כלי גינון,ידני,מזמרת גבהים מתכוננת,1010000024,4009269720038,RC-VM,דן אור-וולף,1010000024.jpg,1010000024.doc,1,₪ 285.00,
כלי גינון,ידני,משור מתקפל,1010000025,4009269728201,re-k,דן אור-וולף,1010000025.jpg,1010000025.doc,1,₪ 130.00,
כלי גינון,ידני,משור גבהים מולטי-סטאר,1010000026,4009269152426,RE-M,דן אור-וולף,1010000026.jpg,1010000026.doc,1,₪ 150.00,
כלי גינון,ידני,משור גבהים מקצועי מולטי-ס,1010000027,4009269152433,RE-PM,דן אור-וולף,1010000027.jpg,1010000027.doc,1,₪ 175.00,
כלי גינון,ידני,מקטפת פירות מולטי-סטאר,1010000028,4009269153300,RG-M,דן אור-וולף,1010000028.jpg,1010000028.doc,1,₪ 75.00,
כלי גינון,ידני,מספרי גן וריו,1010000029,4009269703079,RI-LL,דן אור-וולף,1010000029.jpg,1010000029.doc,1,,
כלי גינון,ידני,מישר שפה מולטי-סטאר,1010000030,4009269151207,RM-M,דן אור-וולף,1010000030.jpg,1010000030.doc,1,₪ 45.00,
כלי גינון,ידני,RR1500 מזמרה ביתית,1010000031,4009269304856,rr1500,דן אור-וולף,1010000031.jpg,1010000031.doc,1,₪ 75.00,
כלי גינון,ידני,מזמרה RR2500,1010000032,4009269304863,rr2500,דן אור-וולף,1010000032.jpg,1010000032.doc,1,₪ 70.00,
כלי גינון,ידני,מזמרה מקצועית RR4000,1010000033,4009269304887,rr4000,דן אור-וולף,1010000033.jpg,1010000033.doc,1,₪ 85.00,
כלי גינון,ידני,מזמרת by-pass,1010000034,4009269305501,RR650,דן אור-וולף,1010000034.jpg,1010000034.doc,1,₪ 240.00,
כלי גינון,ידני,מזמרת ענפים מקצועית ביי-פס,1010000035,4009269305525,rr750,דן אור-וולף,1010000035.jpg,1010000035.doc,1,₪ 270.00,
כלי גינון,ידני,RS2500 מזמרת סדןא,1010000036,4009269304870,rs2500,דן אור-וולף,1010000036.jpg,1010000036.doc,1,₪ 80.00,
כלי גינון,ידני,מזמרה מקצועית RS4000,1010000037,4009269304894,rs4000,דן אור-וולף,1010000037.jpg,1010000037.doc,1,₪ 65.00,
כלי גינון,ידני,מזמרת ענפים סדן,1010000038,4009269305518,RS650,דן אור-וולף,1010000038.jpg,1010000038.doc,1,₪ 250.00,
כלי גינון,ידני,מזמרת ענפים מקצועית סדן,1010000039,4009269305532,rs750,דן אור-וולף,1010000039.jpg,1010000039.doc,1,₪ 270.00,
כלי גינון,ידני,מגרפת דשא מתכווננת מולטי,1010000040,4009269155007,UC-M,דן אור-וולף,1010000040.jpg,1010000040.doc,1,₪ 110.00,
כלי גינון,ידני,מגרפת עלים משולבת מולטי-ס,1010000041,4009269154604,UF-M,דן אור-וולף,1010000041.jpg,1010000041.doc,1,₪ 70.00,
כלי גינון,ידני,מגרפת דשא מחוזקת,1010000042,7290004004781,UF-MPRO,דן אור-וולף,1010000042.jpg,1010000042.doc,1,₪ 85.00,
כלי גינון,ידני,מגרפת עלים פלסטיק,1010000043,4009269156004,UI-M,דן אור-וולף,1010000043.jpg,1010000043.doc,1,₪ 75.00,
כלי גינון,ידני,מגרפה+ידית,1010000044,7290004004774,UI-M14,דן אור-וולף,1010000044.jpg,1010000044.doc,1,₪ 100.00,
כלי גינון,ידני,רשת לבריכות נוי,1010000045,4009269153119,wfm,דן אור-וולף,1010000045.jpg,1010000045.doc,1,₪ 95.00,
כלי גינון,ידני,"ידית אלומיניום 150 ס""מ",1010000046,4009269393829,ZM-I15,דן אור-וולף,1010000046.jpg,1010000046.doc,1,₪ 55.00,
כלי גינון,ידני,('4 מ) M* 4 ידית טלסקטפית,1010000047,4009269397001,ZM-V4,דן אור-וולף,1010000047.jpg,1010000047.doc,1,₪ 185.00,
כלי גינון,ידני,גלגלת+צינור דגם8993 20מטר,1012000001,8000625089932,62212352,קליבר - גרעין,1012000001.jpg,1012000001.doc,1,₪ 150.00,
כלי גינון,ידני,גלגלת+צינור צהוב דגם8945 25מטר,1012000002,8000625089451,62212362,קליבר - גרעין,1012000002.jpg,1012000002.doc,1,₪ 260.00,
כלי גינון,ידני,אקדח מים,1012000003,8000625087563,62212022,קליבר - גרעין,1012000003.jpg,1012000003.doc,1,₪ 25.00,
כלי גינון,נטען,חרמש נטען 9825-55,1012000004,4078500025492,62069825,גרדינה -גרעין,1012000004.jpg,1012000004.doc,1,₪ 450.00,
כלי גינון,נטען,מגזמת גובה טלסקופית נטענת 8881-55,1012000005,4078500025522,62068881,גרדינה -גרעין,1012000005.jpg,1012000005.doc,1,₪ 750.00,
כלי גינון,נטען,משור גובה טלסקופי נטען 8866-55,1012000006,4078500025539,62068866,גרדינה -גרעין,1012000006.jpg,1012000006.doc,1,₪ 750.00,
כלי גינון,נטען,סוללה ליתיום 18וולט 9839-20,1012000007,4078500024129,62099840,גרדינה -גרעין,1012000007.jpg,1012000007.doc,1,₪ 450.00,
כלי גינון,נטען,מטען לסוללה 18וולט 8833-20,1012000008,4078500025188,62099825,גרדינה -גרעין,1012000008.jpg,1012000008.doc,1,₪ 150.00,
כלי גינון,נטען,מכסחת חשמלית נטענת 5033-55,1012000009,4078500025546,62065033,גרדינה -גרעין,1012000009.jpg,1012000009.doc,1,"₪ 1,250.00",
כלי גינון,נטען,מגזמת נטענת 9860-55,1012000010,4078500031585,62069860,גרדינה -גרעין,1012000010.jpg,1012000010.doc,1,"₪ 1,250.00",
כלי גינון,נטען,סוללה ליתיום 40 וולט,1012000011,4078500021852,62099842,גרדינה -גרעין,1012000011.jpg,1012000011.doc,1,₪ 700.00,
כלי גינון,נטען,מטען לסוללה 40וולט,1012000012,4078500022699,62099845,גרדינה -גרעין,1012000012.jpg,1012000012.doc,1,₪ 450.00,
כלי גינון,נטען,חרמש נטען IAT40-3025,1012000013,4010951151535,61906512,אקרא -גרעין,1012000013.jpg,1012000013.doc,1,₪ 750.00,
כלי גינון,נטען,משור גובה נטען IAAS40-45,1012000014,4010951511261,61906521,אקרא -גרעין,1012000014.jpg,1012000014.doc,1,"₪ 1,000.00",
כלי גינון,נטען,מגזמת גובה נטענת IATHS40-43,1012000015,4010951511384,61906524,אקרא -גרעין,1012000015.jpg,1012000015.doc,1,₪ 850.00,
כלי גינון,נטען,סוללה ליתיום 40וולט R3-360-AH-U-02,1012000016,4010951170727,61906640,אקרא -גרעין,1012000016.jpg,1012000016.doc,1,₪ 400.00,
כלי גינון,נטען,מטען לסוללה 40 וולט R3-360-1A-02,1012000017,4010951170703,61906650,אקרא -גרעין,1012000017.jpg,1012000017.doc,1,₪ 250.00,
כלי גינון,חשמלי,מכסחת חשמלית 5032,1012000018,4078500022873,62045032,גרדינה -גרעין,1012000018.jpg,1012000018.doc,1,₪ 750.00,
כלי גינון,חשמלי,שואב\מפוח לדשא סינטטי GLV3000,1012000019,4010951741910,61906300,אקרא -גרעין,1012000019.jpg,1012000019.doc,1,"₪ 1,100.00",
כלי גינון,חשמלי,מפוח\שואב חשמלי LSN1800W,1012000020,4010951748131,61906118,אקרא -גרעין,1012000020.jpg,1012000020.doc,1,₪ 400.00,
כלי גינון,חשמלי,משור גובה חשמלי טלסקופי IEAS750,1012000021,4010951781800,61906750,אקרא -גרעין,1012000021.jpg,1012000021.doc,1,₪ 850.00,
כלי גינון,חשמלי,משור שרשרת חשמלי IECS2240 TF,1012000022,4010951710282,61906340,אקרא -גרעין,1012000022.jpg,1012000022.doc,1,₪ 550.00,
כלי גינון,חשמלי,מכסחת דשא חשמלית ERM1000,1012000023,4010951770378,61906100,אקרא -גרעין,1012000023.jpg,1012000023.doc,1,₪ 450.00,
כלי גינון,חשמלי,מכסחת דשא חשמלית ERM1300,1012000024,4010951770194,61906130,אקרא -גרעין,1012000024.jpg,1012000024.doc,1,₪ 650.00,
כלי גינון,חשמלי,מגזמת גובה טלסקופית חשמלית ITHS500,1012000025,4010951781749,61906500,אקרא -גרעין,1012000025.jpg,1012000025.doc,1,₪ 850.00,
כלי גינון,חשמלי,מגזמת גדר חי חשמלית HSE6055-20D,1012000026,4010951438704,61906150,אקרא -גרעין,1012000026.jpg,1012000026.doc,1,₪ 350.00,
כלי גינון,חשמלי,חרמש חשמלי RT2107 D,1012000027,4010951112116,61906107,אקרא -גרעין,1012000027.jpg,1012000027.doc,1,₪ 450.00,
כלי גינון,מנועי,מפוח+שאיבה  EBV260 ,1012000028,,61907070,יונגיא - גרעין,1012000028.jpg,1012000028.doc,1,"₪ 1,000.00",
כלי גינון,מנועי,מגזמת יד SL700C,1012000029,,61907050,יונגיא - גרעין,1012000029.jpg,1012000029.doc,1,"₪ 1,800.00",
כלי גינון,מנועי,משור שרשרת YD-45,1012000030,,61907060,יונגיא - גרעין,1012000030.jpg,1012000030.doc,1,"₪ 1,100.00",
כלי גינון,מנועי,רב תכילתי DGJ260,1012000031,,61907040,יונגיא - גרעין,1012000031.jpg,1012000031.doc,1,"₪ 1,750.00",
כלי גינון,מנועי,מכסחת דשא WR65170 WARRIOR,1012000032,,62715145,גרעין,1012000032.jpg,1012000032.doc,1,"₪ 1,400.00",
כלי גינון,מנועי,מכסחת דשא WR65147 WARRIOR,1012000033,,62715147,גרעין,1012000033.jpg,1012000033.doc,1,"₪ 1,650.00",
כלי גינון,חשמלי,מכסחת דשא ,1013000001,,08A4.5\ROTAK 43,בוש ירוק ביתי,1013000001.jpg,1013000001.doc,1,"₪ 3,300.00",
כלי גינון,חשמלי,מכסחת דשא ,1013000002,,0881.2\ROTAK 40,בוש ירוק ביתי,1013000002.jpg,1013000002.doc,1,"₪ 1,700.00",
כלי גינון,חשמלי,מפוח\שואב\גורס עלים,1013000003,,08A1\ALS 25,בוש ירוק ביתי,1013000003.jpg,1013000003.doc,1,₪ 650.00,
כלי גינון,נטען,מפוח עלים נטען 18וולט,1013000004,,08A0.5\ALB18 LI,בוש ירוק ביתי,1013000004.jpg,1013000004.doc,1,₪ 800.00,
כלי גינון,חשמלי,גוזם דשא ,1013000005,,08A5.5\ART 30,בוש ירוק ביתי,1013000005.jpg,1013000005.doc,1,₪ 630.00,
כלי גינון,חשמלי,גוזם דשא ,1013000006,,08A5.2\ART 27,בוש ירוק ביתי,1013000006.jpg,1013000006.doc,1,₪ 550.00,
כלי גינון,חשמלי,גוזם דשא ,1013000007,,08A5.8\ART 24,בוש ירוק ביתי,1013000007.jpg,1013000007.doc,1,₪ 400.00,
כלי גינון,חשמלי,גוזם דשא ,1013000008,,08A5\ART 23 SL,בוש ירוק ביתי,1013000008.jpg,1013000008.doc,1,₪ 250.00,
כלי גינון,נטען,גוזם דשא נטען 18וולט,1013000009,,08A5.C06\ART23-18LI,בוש ירוק ביתי,1013000009.jpg,1013000009.doc,1,₪ 800.00,
כלי גינון,חשמלי,גוזם גדר חיה,1013000010,,0848.A\AHS6000 PRO-T,בוש ירוק ביתי,1013000010.jpg,1013000010.doc,1,"₪ 1,250.00",
כלי גינון,חשמלי,גוזם גדר חיה,1013000011,,0847.G\AHS 55-26,בוש ירוק ביתי,1013000011.jpg,1013000011.doc,1,"₪ 1,050.00",
כלי גינון,חשמלי,גוזם גדר חיה,1013000012,,0848.1\AHS480-24 ST,בוש ירוק ביתי,1013000012.jpg,1013000012.doc,1,₪ 860.00,
כלי גינון,חשמלי,גוזם גדר חיה,1013000013,,0847.A\AHS 45-16,בוש ירוק ביתי,1013000013.jpg,1013000013.doc,1,₪ 550.00,
כלי גינון,נטען,גוזם גדר חיה נטען 18וולט,1013000014,,0849.F00\AHS 50-20LI,בוש ירוק ביתי,1013000014.jpg,1013000014.doc,1,"₪ 1,100.00",
כלי גינון,נטען,גוזם גדר גובה טלסקופי 18וולט,1013000015,,08B3\Universal Hedgepole,בוש ירוק ביתי,1013000015.jpg,1013000015.doc,1,"₪ 1,500.00",
כלי גינון,נטען,גוזם גדר ודשא נטען 3.6וולט,1013000016,,0833.1\ISIO 3.6V,בוש ירוק ביתי,1013000016.jpg,1013000016.doc,1,₪ 550.00,
כלי גינון,נטען,מסור ענפים נטען 10.8וולט,1013000017,,0861\KEO 10.8V,בוש ירוק ביתי,1013000017.jpg,1013000017.doc,1,₪ 650.00,
כלי גינון,נטען,מסור שרשרת גובה טלסקופי 18וולט,1013000018,,08B3.1\Universal chainpole,בוש ירוק ביתי,1013000018.jpg,1013000018.doc,1,"₪ 1,450.00",
כלי גינון,נטען,מסור שרשרת נטען 18וולט,1013000019,,08B8\Universal Chain 18v,בוש ירוק ביתי,1013000019.jpg,1013000019.doc,1,"₪ 1,350.00",
כלי גינון,חשמלי,מסור שרשרת (חשמלי),1013000020,,0836.F\AKE 40-19 S,בוש ירוק ביתי,1013000020.jpg,1013000020.doc,1,"₪ 1,250.00",
כלי גינון,חשמלי,מסור שרשרת (חשמלי),1013000021,,0834.1\AKE 35,בוש ירוק ביתי,1013000021.jpg,1013000021.doc,1,₪ 800.00,
כלי גינון,ידני,מכונת טיאוט S650,1014000001,,1766-300,קרשר,1014000001.jpg,1014000001.doc,1,"₪ 1,000.00",
כלי גינון,ידני,S750 מכונת טיאוט ,1014000002,,1.766-910.0,קרשר,1014000002.jpg,1014000002.doc,1,"₪ 1,700.00",
כלי גינון,מנועי,משור T525,1015000001,,63111525,הוסקוורנה,1015000001.jpg,1015000001.doc,1,"₪ 2,400.00",
כלי גינון,מנועי,משור T435,1015000002,,63111435,הוסקוורנה,1015000002.jpg,1015000002.doc,1,"₪ 2,800.00",
כלי גינון,מנועי,משור 135,1015000003,,63111135,הוסקוורנה,1015000003.jpg,1015000003.doc,1,"₪ 1,600.00",
כלי גינון,מנועי,משור 445e-series,1015000004,,63110445,הוסקוורנה,1015000004.jpg,1015000004.doc,1,"₪ 2,400.00",
כלי גינון,מנועי,משור 450e-series,1015000005,,63110450,הוסקוורנה,1015000005.jpg,1015000005.doc,1,"₪ 2,800.00",
כלי גינון,מנועי,משור 365,1015000006,,63110365,הוסקוורנה,1015000006.jpg,1015000006.doc,1,"₪ 3,950.00",
כלי גינון,מנועי,משור 372XP,1015000007,,63110372,הוסקוורנה,1015000007.jpg,1015000007.doc,1,"₪ 5,200.00",
כלי גינון,מנועי,חרמש מנועי 129L,1015000008,,63120129,הוסקוורנה,1015000008.jpg,1015000008.doc,1,"₪ 1,400.00",
כלי גינון,מנועי,חרמש מנועי 525RJX,1015000009,,63121525,הוסקוורנה,1015000009.jpg,1015000009.doc,1,"₪ 2,000.00",
כלי גינון,מנועי,חרמש מנועי 535RJ,1015000010,,63121535,הוסקוורנה,1015000010.jpg,1015000010.doc,1,"₪ 2,500.00",
כלי גינון,מנועי,חרמש מנועי 525LK,1015000011,,63120525,הוסקוורנה,1015000011.jpg,1015000011.doc,1,"₪ 2,300.00",
כלי גינון,מנועי,מפוח יד 125B,1015000012,,63130125,הוסקוורנה,1015000012.jpg,1015000012.doc,1,"₪ 1,300.00",
כלי גינון,מנועי,מפוח יד 525BX,1015000013,,63130525,הוסקוורנה,1015000013.jpg,1015000013.doc,1,"₪ 1,450.00",
כלי גינון,מנועי,מפוח גב 570BTS,1015000014,,63130570,הוסקוורנה,1015000014.jpg,1015000014.doc,1,"₪ 3,950.00",
כלי גינון,מנועי,מגזמת גובה ישרה 525HF3,1015000015,,63140525,הוסקוורנה,1015000015.jpg,1015000015.doc,1,"₪ 3,100.00",
כלי גינון,מנועי,מגזמת גדר חי מנועית 226HS75S,1015000016,,63140226,הוסקוורנה,1015000016.jpg,1015000016.doc,1,,
כלי גינון,מנועי,משור גובה טלסקופי 525PT5S,1015000017,,63110525,הוסקוורנה,1015000017.jpg,1015000017.doc,1,"₪ 4,200.00",
דשנים,דשן לדשא,"בונה מדשאה ל- 50 -מ""ר",2010000001,7290003305049,3305049,דן אור-וולף,2010000001.jpg,2010000001.doc,1,₪ 20.00,
דשנים,דשן לדשא,"בונה מדשאה ל - 150 מ""ר",2010000002,7290003305063,3305063,דן אור-וולף,2010000002.jpg,2010000002.doc,1,₪ 40.00,
דשנים,דשן לדשא,"סטרטר ל- 70- מ""ר",2010000003,7290003305643,3305643,דן אור-וולף,2010000003.jpg,2010000003.doc,1,₪ 40.00,
דשנים,דשן לפרחים,"אוסמוקוט 1 ק""ג לשנה",2010000004,7290006274397,6244397,דן אור-וולף,2010000004.jpg,2010000004.doc,1,,
דשנים,דשן לפרחים,"אוסמוקוט 3 ק""ג לשנה",2010000005,7290006274380,6274380,דן אור-וולף,2010000005.jpg,2010000005.doc,1,,
דשנים,דשן לפרחים,"אוסמוקוט 1 ק""ג לחצי שנה",2010000006,7290006274427,6274427,דן אור-וולף,2010000006.jpg,2010000006.doc,1,₪ 30.00,
דשנים,דשן לדשא,"מקס גארד ל 65 מ""ר",2010000007,7290006274458,6274458,דן אור-וולף,2010000007.jpg,2010000007.doc,1,,
דשנים,דשן לדשא,"מקס גארד ל200מ""ר",2010000008,7290006274465,6274465,דן אור-וולף,2010000008.jpg,2010000008.doc,1,₪ 85.00,
הדברה,קוטל נמלים ,נמלית,3010000001,7290013679314,,אקוגן,3010000001.jpg,3010000001.doc,1,,
הדברה,קוטל מזיקים,נימקס,3010000002,7290013679475,,אקוגן,3010000002.jpg,3010000002.doc,1,₪ 70.00,
הדברה,קוטל אקריות,נימגארד,3010000003,7290013679468,,אקוגן,3010000003.jpg,3010000003.doc,1,₪ 45.00,
הדברה,,פרוביט,3010000004,7290013679482,,אקוגן,3010000004.jpg,3010000004.doc,1,₪ 70.00,
הדברה,,טרייסר אולטרה,3010000005,7290013857323,,אקוגן,3010000005.jpg,3010000005.doc,1,₪ 120.00,
הדברה,קוטל מזיקים,סימשופר,3010000006,7290008489300,,אקוגן,3010000006.jpg,3010000006.doc,1,₪ 25.00,
הדברה,קוטל מזיקים,סייפן,3010000007,7290011976408,,אקוגן,3010000007.jpg,3010000007.doc,1,₪ 95.00,
הדברה,קוטל מזיקים,מוספילן,3010000008,7290008489973,,אקוגן,3010000008.jpg,3010000008.doc,1,₪ 45.00,
הדברה,קוטל נמלים ,דיזידור ל-50מ',3010000009,7290000449999,,אקוגן,3010000009.jpg,3010000009.doc,1,₪ 30.00,
הדברה,קוטל נמלים ,דיזידור ל- 100מ',3010000010,7290013857378,,אקוגן,3010000010.jpg,3010000010.doc,1,₪ 50.00,
הדברה,קוטל נמלים ,דיזידור ל-500מ',3010000011,7290013857446,,אקוגן,3010000011.jpg,3010000011.doc,1,₪ 220.00,
הדברה,קוטל מזיקים לדשא,דלתא גרין ל-100 מ',3010000012,7290011976514,,אקוגן,3010000012.jpg,3010000012.doc,1,₪ 40.00,
הדברה,קוטל מזיקים לדשא,דלתא גרין ל-200 מ',3010000013,7290011976521,,אקוגן,3010000013.jpg,3010000013.doc,1,₪ 85.00,
הדברה,קוטל מזיקים (חלזונות),קרקול,3010000014,7290013857958,,אקוגן,3010000014.jpg,3010000014.doc,1,₪ 45.00,
הדברה,תרסיס,"תרסיס כנימות 300 סמ""ק",3010000015,7290000449999,,אקוגן,3010000015.jpg,3010000015.doc,1,₪ 50.00,
הדברה,תרסיס,"תרסיס כנימות 600 סמ""ק",3010000016,7290002805700,,אקוגן,3010000016.jpg,3010000016.doc,1,₪ 70.00,
הדברה,תרסיס,תרסיס זחלים ומעופפים,3010000017,7290000449777,,אקוגן,3010000017.jpg,3010000017.doc,1,₪ 35.00,
הדברה,תרסיס,תרסיס מחלות,3010000018,7290000449784,,אקוגן,3010000018.jpg,3010000018.doc,1,₪ 50.00,
הדברה,תרסיס,דור פליי,3010000019,7290013369109,,אקוגן,3010000019.jpg,3010000019.doc,1,,
הדברה,תרסיס (יונים),"עופי מפה  500 סמ""ק",3010000020,7290012284359,,אקוגן,3010000020.jpg,3010000020.doc,1,₪ 60.00,
הדברה,מלכודת עכברים,מלכודת דבק מקצועית 1יחM,3010000021,7290013369338,,אקוגן,3010000021.jpg,3010000021.doc,1,,
הדברה,מלכודת עכברים,מלכודת דבק מקצועית 1יח L,3010000022,7290013369345,,אקוגן,3010000022.jpg,3010000022.doc,1,,
הדברה,מלכודת עכברים,מלכודת דבק מתקפלת 1יח XL,3010000023,7290013369031,,אקוגן,3010000023.jpg,3010000023.doc,1,,
הדברה,מלכודת עכברים,מלכודת רשת מתכת מגולוונת,3010000024,7290013857996,,אקוגן,3010000024.jpg,3010000024.doc,1,,
הדברה,מלכודת זבובים,מלכודת זבובים,3010000025,7290013369048,,אקוגן,3010000025.jpg,3010000025.doc,1,,
הדברה,מלכודת זבובים ,"ביופיד 750 סמ""ק",3010000026,7290013857903,,אקוגן,3010000026.jpg,3010000026.doc,1,,
הדברה,מלכודת עכברים ,טרפר מקס מלכודת דבק לעכברים,3011000001,,,רימי,3011000001.jpg,3011000001.doc,1,₪ 4.00,
הדברה,פתיון גרגרי,ספסן גן,3011000002,,,רימי,3011000002.jpg,3011000002.doc,1,₪ 28.00,
הדברה,פתיון גרגרי,מתזון גן,3011000003,,,רימי,3011000003.jpg,3011000003.doc,1,₪ 35.00,
הדברה,קוטל נמלים ,טופגריין,3011000004,,,רימי,3011000004.jpg,3011000004.doc,1,₪ 65.00,
הדברה,קוטל נמלים ,בזלת,3011000005,,,רימי,3011000005.jpg,3011000005.doc,1,,
הדברה,קוטל זבובים,אנטיפליי,3011000006,,,רימי,3011000006.jpg,3011000006.doc,1,₪ 40.00,
הדברה,קוטל חרקים,קילר,3011000007,,,רימי,3011000007.jpg,3011000007.doc,1,₪ 35.00,
הדברה,קוטל גוקים,טורפדו,3011000008,,,רימי,3011000008.jpg,3011000008.doc,1,₪ 50.00,
הדברה,קוטל נמלים ,טופ ג'ל,3011000009,,,רימי,3011000009.jpg,3011000009.doc,1,₪ 50.00,
הדברה,מלכודת זבובים,מלכודת זבובים,3011000010,,,רימי,3011000010.jpg,3011000010.doc,1,,
הדברה,מלכודת עכברים ,גלו פאנל L מלכודת דבק לעכברים,3012000001,,124L,גרין פלייס,3012000001.jpg,3012000001.doc,60,,
הדברה,מלכודת עכברים ,הרקולס (2יח מלכודת עכברים),3012000002,,102,גרין פלייס,3012000002.jpg,3012000002.doc,2,₪ 30.00,
הדברה,מלכודת עכברים ,מלכודבק (2יח),3012000003,,101,גרין פלייס,3012000003.jpg,3012000003.doc,2,₪ 20.00,
הדברה,מלכודת עכברים ,ספר ירוק,3012000004,,163,גרין פלייס,3012000004.jpg,3012000004.doc,1,₪ 10.00,
הדברה,מלכודת עכברים ,מלכודת חולדות הומנית ,3012000005,,122,גרין פלייס,3012000005.jpg,3012000005.doc,1,₪ 50.00,
הדברה,מלכודת עכברים ,מלכודת עכברים הומנית,3012000006,,123,גרין פלייס,3012000006.jpg,3012000006.doc,1,₪ 25.00,
הדברה,מלכודת עכברים ,מלכודת מתקפלת טייגר,3012000007,,195,גרין פלייס,3012000007.jpg,3012000007.doc,1,₪ 60.00,
הדברה,מלכודת עכברים ,תחנה לחולדות,3012000008,,155,גרין פלייס,3012000008.jpg,3012000008.doc,1,,
הדברה,מלכודת עכברים ,תחנה לעכברים ,3012000009,,151,גרין פלייס,3012000009.jpg,3012000009.doc,1,,
הדברה,מלכודת עכברים ,מלכודת נדנדה הומנית,3012000010,,169,גרין פלייס,3012000010.jpg,3012000010.doc,1,₪ 20.00,
הדברה,מלכודת עכברים ,גורילה מלכודת קפיץ לעכברים,3012000011,,199,גרין פלייס,3012000011.jpg,3012000011.doc,1,₪ 30.00,
הדברה,מלכודת עכברים סולארי,חולד לך מכאן (מכשיר סולרי),3012000012,,120,גרין פלייס,3012000012.jpg,3012000012.doc,1,₪ 150.00,
הדברה,פתיון עכברים ,נארה בלוק(ריח וניל) פתיון עכברים,3012000013,,401V,גרין פלייס,3012000013.jpg,3012000013.doc,1,₪ 200.00,
הדברה,קוטל יתושים ,הוריקן-קטלן יתושים,3012000014,,510,גרין פלייס,3012000014.jpg,3012000014.doc,1,₪ 190.00,
הדברה,קוטל יתושים ,הוריקן גינה,3012000015,,511,גרין פלייס,3012000015.jpg,3012000015.doc,1,₪ 320.00,
הדברה,קוטל יתושים ,הוריקן v.i.p,3012000016,,500DESIGN,גרין פלייס,3012000016.jpg,3012000016.doc,1,₪ 550.00,
הדברה,מלכודת זבובים,הלוחית הצהובה L(10במארז),3012000017,,108L,גרין פלייס,3012000017.jpg,3012000017.doc,10,₪ 25.00,
הדברה,מלכודת זבובים ,הלוחית הצהובה (10במארז)XL,3012000018,,108XL,גרין פלייס,3012000018.jpg,3012000018.doc,10,₪ 50.00,
הדברה,מלכודת זבובים ,מפלצת הזבובים,3012000019,,165,גרין פלייס,3012000019.jpg,3012000019.doc,1,₪ 150.00,
הדברה,מלכודת זבובים,טורפת הזבוביםXL,3012000020,,143,גרין פלייס,3012000020.jpg,3012000020.doc,1,₪ 40.00,
הדברה,קוטל זבובים,זבובי טופ 250גרם,3012000021,,147,גרין פלייס,3012000021.jpg,3012000021.doc,1,₪ 50.00,
הדברה,קוטל יתושים ,יתושלך-נר דוחה יתושים,3012000022,,156,גרין פלייס,3012000022.jpg,3012000022.doc, 20 במגש,₪ 15.00,
הדברה,מלכודת ,מלכודת עש המזון(2יח),3012000023,,139A,גרין פלייס,3012000023.jpg,3012000023.doc,2,₪ 45.00,
הדברה,מלכודת ,מלכודת צרעות,3012000024,,179,גרין פלייס,3012000024.jpg,3012000024.doc,1,₪ 50.00,
הדברה,מלכודת,סטיקי גוק,3012000025,,261,גרין פלייס,3012000025.jpg,3012000025.doc,1,₪ 15.00,
הדברה,מלכודת,מלכודת חתולים מתקפלת,3012000026,,1001,גרין פלייס,3012000026.jpg,3012000026.doc,1,₪ 400.00,
הדברה,,אנטי-קקי ,3012000027,,184,גרין פלייס,3012000027.jpg,3012000027.doc,1,,
הדברה,מרחיק יונים ,דוקרן Wפוליקרבונט 4קוצים 10יח,3012000028,,420,גרין פלייס,3012000028.jpg,3012000028.doc,10,₪ 12.00,
הדברה,מרחיק יונים ,דוקרו קלשון פוליקרבונט 5קוצים 10יח,3012000029,,421,גרין פלייס,3012000029.jpg,3012000029.doc,10,,
הדברה,מרחיק יונים ,דוקרן W נירוסטה 4קוצים 10יח,3012000030,,422,גרין פלייס,3012000030.jpg,3012000030.doc,10,,
הדברה,מרחיק יונים ,רשת יונים שחורה 3*3,3012000031,,T114B3,גרין פלייס,3012000031.jpg,3012000031.doc,1,,
הדברה,מרחיק יונים ,רשת יונים שחורה 5*5,3012000032,,T114B5,גרין פלייס,3012000032.jpg,3012000032.doc,1,₪ 150.00,
הדברה,מרחיק יונים ,רשת יונים שחורה 10*100,3012000033,,164B,גרין פלייס,3012000033.jpg,3012000033.doc,1,,
הדברה,מרחיק יונים ,הדחליל המבהיל-עורב,3012000034,,161,גרין פלייס,3012000034.jpg,3012000034.doc,1,,
הדברה,מרחיק יונים ,הדחליל המבהיל-ינשוף,3012000035,,160,גרין פלייס,3012000035.jpg,3012000035.doc,1,,
הדברה,מלתעות,מלתעות-מוט קלאסי,3012000036,,1007,גרין פלייס,3012000036.jpg,3012000036.doc,1,,
הדברה,מלתעות,מלתעות - מוט ארוך 1.5מ,3012000037,,1007LONG,גרין פלייס,3012000037.jpg,3012000037.doc,1,,
הדברה,קוטל נמלים ,"טלסטאר חצי ק""ג ל- 50 מ""ר",3013000001,7290006274502,6274502,דן אור-וולף,3013000001.jpg,3013000001.doc,1,,
הדברה,קוטל נמלים ,"טלסטאר 1 ק""ג  ל - 100 מ""ר",3013000002,7290006274519,6274519,דן אור-וולף,3013000002.jpg,3013000002.doc,1,,
הדברה,קוטל מזיקים,"קונפידור 10 סמ""ק",3013000003,7290006445001,6445001,דן אור-וולף,3013000003.jpg,3013000003.doc,1,₪ 30.00,
הדברה,קוטל מזיקים,"קונפידור 30 סמ""ק",3013000004,7290006445018,6445018,דן אור-וולף,3013000004.jpg,3013000004.doc,1,₪ 45.00,
משאבות,טבולה,Top Multi 2,4010000001,,,מדן סחר,4010000001.jpg,4010000001.doc,1,"₪ 1,300.00",
משאבות,טבולה,Top 1,4010000002,,,מדן סחר,4010000002.jpg,4010000002.doc,1,,
משאבות,טבולה,Top 2,4010000003,,,מדן סחר,4010000003.jpg,4010000003.doc,1,₪ 600.00,
משאבות,טבולה,Top Floor,4010000004,,,מדן סחר,4010000004.jpg,4010000004.doc,1,₪ 900.00,
משאבות,הגברת לחץ,Pkm 60,4010000005,,,מדן סחר,4010000005.jpg,4010000005.doc,1,₪ 500.00,
משאבות,הגברת לחץ,Pkm 70,4010000006,,,מדן סחר,4010000006.jpg,4010000006.doc,1,₪ 600.00,
משאבות,הגברת לחץ,Pkm 80,4010000007,,,מדן סחר,4010000007.jpg,4010000007.doc,1,₪ 800.00,
משאבות,הגברת לחץ,Pkm 90,4010000008,,,מדן סחר,4010000008.jpg,4010000008.doc,1,₪ 900.00,
משאבות,הגברת לחץ,Pkm 100,4010000009,,,מדן סחר,4010000009.jpg,4010000009.doc,1,"₪ 1,000.00",
משאבות,משאבה חיצונית,Cpm 158,4010000010,,,מדן סחר,4010000010.jpg,4010000010.doc,1,₪ 860.00,
משאבות,משאבה חיצונית,Cpm170,4010000011,,,מדן סחר,4010000011.jpg,4010000011.doc,1,"₪ 1,400.00",
משאבות,משאבה חיצונית,Cp220c,4010000012,,,מדן סחר,4010000012.jpg,4010000012.doc,1,"₪ 2,500.00",
משאבות,משאבה חיצונית,Cpm220c,4010000013,,,מדן סחר,4010000013.jpg,4010000013.doc,1,"₪ 2,700.00",
משאבות,הגברת לחץ,3CRm 80,4010000014,,,מדן סחר,4010000014.jpg,4010000014.doc,1,₪ 900.00,
משאבות,הגברת לחץ,4CRm 80,4010000015,,,מדן סחר,4010000015.jpg,4010000015.doc,1,"₪ 1,050.00",
משאבות,הגברת לחץ,5CRm80,4010000016,,,מדן סחר,4010000016.jpg,4010000016.doc,1,"₪ 1,600.00",
משאבות,יניקה עצמית,Jcrm 1c,4010000017,,,מדן סחר,4010000017.jpg,4010000017.doc,1,₪ 900.00,
משאבות,יניקה עצמית,Jcrm 2c,4010000018,,,מדן סחר,4010000018.jpg,4010000018.doc,1,"₪ 1,000.00",
משאבות,משאבה חיצונית,Hfm50B,4010000019,,,מדן סחר,4010000019.jpg,4010000019.doc,1,"₪ 1,200.00",
משאבות,,JsWm2cעם פיקוד,4010000020,,,מדן סחר,4010000020.jpg,4010000020.doc,1,"₪ 1,600.00",
משאבות,יניקה עצמית,JcRm 2cעם פיקוד,4010000021,,,מדן סחר,4010000021.jpg,4010000021.doc,1,"₪ 1,600.00",
משאבות,טבולה,VXM10\50,4010000022,,,מדן סחר,4010000022.jpg,4010000022.doc,1,"₪ 1,500.00",
משאבות,טבולה,ZXM\A\40,4010000023,,,מדן סחר,4010000023.jpg,4010000023.doc,1,₪ 850.00,
משאבות,ראש פיקוד,ראש פיקוד FLUX-Cm,4010000024,,,מדן סחר,4010000024.jpg,4010000024.doc,1,₪ 450.00,
משאבות,ראש פיקוד,ראש פיקוד PRESFLO-Cm,4010000025,,,מדן סחר,4010000025.jpg,4010000025.doc,1,₪ 450.00,
משאבות,טבולה,משאבה טבולה מים נקיים SP2FLAT,4011000001,,1.645-501.0,קרשר,4011000001.jpg,4011000001.doc,1,₪ 410.00,
משאבות,טבולה,משאבה טבולה מים עכורים SP3DIRT,4011000002,,1.645-502.0,קרשר,4011000002.jpg,4011000002.doc,1,₪ 580.00,
משאבות,מנועי,"משאבת מים 2"" מנועי",4012000001,,T20701,טרגיט,4012000001.jpg,4012000001.doc,1,"₪ 1,800.00",
משאבות,מנועי,"משאבת מים 2"" מנועי",4012000002,,T20703,טרגיט,4012000002.jpg,4012000002.doc,1,"₪ 2,200.00",
משאבות,משאבה למזרקה,משאבת מים אטמן ,4013000001,,AT-101,אטמן,4013000001.jpg,4013000001.doc,1,₪ 40.00,
משאבות,משאבה למזרקה,משאבת מים אטמן ,4013000002,,AT-102,אטמן,4013000002.jpg,4013000002.doc,1,₪ 45.00,
משאבות,משאבה למזרקה,משאבת מים אטמן ,4013000003,,AT-103,אטמן,4013000003.jpg,4013000003.doc,1,₪ 80.00,
משאבות,משאבה למזרקה,משאבת מים אטמן ,4013000004,,AT-104,אטמן,4013000004.jpg,4013000004.doc,1,₪ 110.00,
משאבות,משאבה למזרקה,משאבת מים אטמן ,4013000005,,AT-105,אטמן,4013000005.jpg,4013000005.doc,1,₪ 230.00,
משאבות,משאבה למזרקה,משאבת מים אטמן ,4013000006,,AT-107,אטמן,4013000006.jpg,4013000006.doc,1,₪ 300.00,
כלי עבודה,מברגה,מברגה מתקפלת 3.6וולט,5010000001,,DF001DW,מקיטה,5010000001.jpg,5010000001.doc,1,₪ 350.00,
כלי עבודה,מברגה,מברגה אימפקט 10.8\12וולט,5010000002,,TD110DWYE,מקיטה,5010000002.jpg,5010000002.doc,1,₪ 750.00,
כלי עבודה,סט,סט מברגה\מקדחה+אימפקט 10.8,5010000003,,CLX201,מקיטה,5010000003.jpg,5010000003.doc,1,"₪ 1,150.00",
כלי עבודה,מברגה,מברגת אימפקט 18וולט,5010000004,,DTD170  18V,מקיטה,5010000004.jpg,5010000004.doc,1,"₪ 1,200.00",
כלי עבודה,מברגה,מברגת אימפקט 18וולט,5010000005,,DTD155 18V,מקיטה,5010000005.jpg,5010000005.doc,1,₪ 650.00,
כלי עבודה,פטישון,פטישון 18וולט,5010000006,,DHR242 18V,מקיטה,5010000006.jpg,5010000006.doc,1,"₪ 1,200.00",
כלי עבודה,פטישון,פטישון 18וולט,5010000007,,DHR202  18V,מקיטה,5010000007.jpg,5010000007.doc,1,"₪ 1,100.00",
כלי עבודה,משחזת זוית,"משחזת זוית 4.5"" 18וולט",5010000008,,DGA452  18V,מקיטה,5010000008.jpg,5010000008.doc,1,₪ 800.00,
כלי עבודה,משור אנכי,משור אנכי 18וולט,5010000009,,DJV180  18V,מקיטה,5010000009.jpg,5010000009.doc,1,"₪ 1,000.00",
כלי עבודה,מפתח אמפקט,מפתח אימפקט 2\1,5010000010,,DTW251 18V,מקיטה,5010000010.jpg,5010000010.doc,1,"₪ 1,000.00",
כלי עבודה,מגבר,מגבר,5010000011,,DMR200,מקיטה,5010000011.jpg,5010000011.doc,1,₪ 850.00,
כלי עבודה,סט,סט מקדחה+אימפקט 18וולט,5010000012,,DLX2022YX1 ,מקיטה,5010000012.jpg,5010000012.doc,1,"₪ 1,650.00",
כלי עבודה,סט,סט מקדחה רוטטת+אימפקט18וולט,5010000013,,DLX2005MX1,מקיטה,5010000013.jpg,5010000013.doc,1,"₪ 2,350.00",
כלי עבודה,סט,סט מקדחה רוטטת+אימפקט+פטישון,5010000014,,DLX2227RME,מקיטה,5010000014.jpg,5010000014.doc,1,"₪ 2,900.00",
כלי עבודה,סט,סט פטישון+אימפקט 18וולט,5010000015,,DLX2090MX1,מקיטה,5010000015.jpg,5010000015.doc,1,"₪ 3,100.00",
כלי עבודה,סט,סט פטישון+אימפקט 18וולט,5010000016,,DLX2122M,מקיטה,5010000016.jpg,5010000016.doc,1,"₪ 2,900.00",
כלי עבודה,סט,סט פטישון+אימפקט+משחזת+פנס,5010000017,,DLX4005MX1,מקיטה,5010000017.jpg,5010000017.doc,1,"₪ 4,400.00",
כלי עבודה,סט,סט פטישון+אימפקט+משחזת,5010000018,,DLX3070TX,מקיטה,5010000018.jpg,5010000018.doc,1,"₪ 4,500.00",
כלי עבודה,מקדחה,"מקדחה מהירה 6.5מ""מ",5010000019,,6501,מקיטה,5010000019.jpg,5010000019.doc,1,₪ 450.00,
כלי עבודה,מקדחה,"מקדחה 10מ""מ",5010000020,,6413,מקיטה,5010000020.jpg,5010000020.doc,1,₪ 450.00,
כלי עבודה,פטיש חציבה,פטיש חציבה,5010000021,,HM0870C,מקיטה,5010000021.jpg,5010000021.doc,1,"₪ 1,800.00",
כלי עבודה,פטיש חציבה,פטיש חציבה,5010000022,,HM1101C,מקיטה,5010000022.jpg,5010000022.doc,1,"₪ 2,400.00",
כלי עבודה,פטיש חציבה,פטיש חציבה,5010000023,,HM1203C,מקיטה,5010000023.jpg,5010000023.doc,1,"₪ 2,900.00",
כלי עבודה,משחזת זוית,"משחזת זוית 4.5"" ",5010000024,,9557HNG,מקיטה,5010000024.jpg,5010000024.doc,1,₪ 370.00,
כלי עבודה,משחזת זוית,"משחזת זוית 9""",5010000025,,GA9020S,מקיטה,5010000025.jpg,5010000025.doc,1,₪ 660.00,
כלי עבודה,משור אנכי,משור אנכי,5010000026,,4350CT,מקיטה,5010000026.jpg,5010000026.doc,1,₪ 900.00,
כלי עבודה,משור חרב,משור חרב,5010000027,,JR3060T,מקיטה,5010000027.jpg,5010000027.doc,1,"₪ 1,400.00",
כלי עבודה,משור עגול ,משור עגול 7.5,5010000028,,HS7601,מקיטה,5010000028.jpg,5010000028.doc,1,₪ 800.00,
כלי עבודה,מלטשת,מלטשת אקצנטרית,5010000029,,B05030,מקיטה,5010000029.jpg,5010000029.doc,1,₪ 600.00,
כלי עבודה,מלטשת,"מלטשת פחחים 7""",5010000030,,9237CBN,מקיטה,5010000030.jpg,5010000030.doc,1,"₪ 1,400.00",
כלי עבודה,משור שורף,"משור שורף 14""",5010000031,,2414NBE,מקיטה,5010000031.jpg,5010000031.doc,1,"₪ 1,100.00",
כלי עבודה,מברגה,מברגת אימפקט חשמלית,5010000032,,TD0101F,מקיטה,5010000032.jpg,5010000032.doc,1,₪ 950.00,
כלי עבודה,מברגה,מברגת אימפקט חשמלית,5010000033,,6952,מקיטה,5010000033.jpg,5010000033.doc,1,"₪ 1,450.00",
כלי עבודה,,,,,,,.jpg,.doc,1,,
כלי עבודה,פטישון,פטישון נטען (גוף),5011000001,,GBH18V LI EC 11904.00A,בוש,5011000001.jpg,5011000001.doc,1,"₪ 1,200.00",
כלי עבודה,מפתח רטיטה,"מפתח רטיטה רבוע 2\1""",5011000002,,GDS18V LI HT 19B1.303,בוש,5011000002.jpg,5011000002.doc,1,"₪ 3,500.00",
כלי עבודה,מפתח רטיטה,מפתח רטיטה ,5011000003,,GDS18V EC 250 19D8.100 ,בוש,5011000003.jpg,5011000003.doc,1,"₪ 2,700.00",
כלי עבודה,מפתח רטיטה,מברגה\מפתח רטיטה אימפקט,5011000004,,GDX18V EC 19B9.100,בוש,5011000004.jpg,5011000004.doc,1,"₪ 1,650.00",
כלי עבודה,מברגה,מברגת רטיטה אימפקט,5011000005,,GDR18V LI 19A1.30E,בוש,5011000005.jpg,5011000005.doc,1,"₪ 1,650.00",
כלי עבודה,מברגה,מברגת רטיטה אימפקט,5011000006,,GDR18V LI 15990.FJ,בוש,5011000006.jpg,5011000006.doc,1,"₪ 1,300.00",
כלי עבודה,מברגה,מברגה מקדחה מודולרית נטענת,5011000007,,GSR18VEC FC2,בוש,5011000007.jpg,5011000007.doc,1,"₪ 1,300.00",
כלי עבודה,משור חרב,מסור חרב נטען,5011000008,,GSA18V LI 164J.00A,בוש,5011000008.jpg,5011000008.doc,1,"₪ 2,500.00",
כלי עבודה,משור חרב,מסור חרב נטען,5011000009,,GSA18V LI C 16A5.000,בוש,5011000009.jpg,5011000009.doc,1,"₪ 1,200.00",
כלי עבודה,משור אנכי,מסור אנכי נטען,5011000010,,GST18V LI 15A6.102,בוש,5011000010.jpg,5011000010.doc,1,"₪ 2,850.00",
כלי עבודה,משור עגול ,מסור עגול נטען,5011000011,,GKS18V LI 166H.008,בוש,5011000011.jpg,5011000011.doc,1,"₪ 2,850.00",
כלי עבודה,משחזת ציר,משחזת ציר נטענת,5011000012,,GGS18V LI 19B5.300,בוש,5011000012.jpg,5011000012.doc,1,"₪ 1,350.00",
כלי עבודה,משחזת זוית,"משחזת זוית נטענת 5""",5011000013,,GWS18-125V-LI 193A.30F,בוש,5011000013.jpg,5011000013.doc,1,₪ 850.00,
כלי עבודה,סט,סט 5 כלים ליתיום,5011000014,,15990.HG7\18V-LI,בוש,5011000014.jpg,5011000014.doc,1,"₪ 6,100.00",
כלי עבודה,סט,סט 3 כלים ליתיום,5011000015,,15990.HH3\18V-LI,בוש,5011000015.jpg,5011000015.doc,1,"₪ 4,200.00",
כלי עבודה,סט,סט פטישון+מברגת רטיטה אמפקט,5011000016,,15990.FD4,בוש,5011000016.jpg,5011000016.doc,1,"₪ 2,600.00",
כלי עבודה,סט,סט פטישון+מברגת רטיטה אמפקט,5011000017,,15990.J52,בוש,5011000017.jpg,5011000017.doc,1,"₪ 3,500.00",
כלי עבודה,סט,סט 2 מברגות ליתיום,5011000018,,15990.GF9,בוש,5011000018.jpg,5011000018.doc,1,"₪ 2,350.00",
כלי עבודה,סט,סט 2 מברגות ליתיום,5011000019,,15990.GG8,בוש,5011000019.jpg,5011000019.doc,1,"₪ 2,100.00",
כלי עבודה,מברג ,מברג נטען,5011000020,,19H2.021,בוש,5011000020.jpg,5011000020.doc,1,₪ 350.00,
כלי עבודה,פנס,פנס ליד,5011000021,,1443\GLI VARILED,בוש,5011000021.jpg,5011000021.doc,1,₪ 320.00,
כלי עבודה,פנס,פנס ליד,5011000022,,1446.500\GLI18V-1900C,בוש,5011000022.jpg,5011000022.doc,1,₪ 820.00,
כלי עבודה,פנס,פנס ליד,5011000023,,1446.400\GLI18V-1900C,בוש,5011000023.jpg,5011000023.doc,1,₪ 600.00,
כלי עבודה,פנס,פנס ליד,5011000024,,14A0\GLI DECILED10.8V,בוש,5011000024.jpg,5011000024.doc,1,₪ 320.00,
כלי עבודה,מפוח,מפוח נטען ,5011000025,,19F5.100\GBL18V -120,בוש,5011000025.jpg,5011000025.doc,1,₪ 420.00,
כלי עבודה,מברגה,מברגת רטיטה אימפקט 10.8V,5011000026,,19E0.001\GDR10.8V-EC,בוש,5011000026.jpg,5011000026.doc,1,"₪ 1,000.00",
כלי עבודה,מברגה,מברגת אימפקט קומפקטית 12V,5011000027,,15990.GB2\GDR12V-105,בוש,5011000027.jpg,5011000027.doc,1,₪ 880.00,
כלי עבודה,מברגה,מברגה\מקדחה 12V+ אביזרים,5011000028,,15990.FM\GSR12V-2-LI,בוש,5011000028.jpg,5011000028.doc,1,₪ 780.00,
כלי עבודה,מברגה,מברגה\מקדחה קומפקטית 12V,5011000029,,15990.GA9\GSR12V-15,בוש,5011000029.jpg,5011000029.doc,1,₪ 740.00,
כלי עבודה,מד טווח,מד טווח לייזר,5011000030,,GLM30,בוש,5011000030.jpg,5011000030.doc,1,₪ 420.00,
כלי עבודה,מד טווח,מד טווח לייזר,5011000031,,GLM40,בוש,5011000031.jpg,5011000031.doc,1,₪ 480.00,
כלי עבודה,מד טווח,מד טווח לייזר,5011000032,,GLM50C,בוש,5011000032.jpg,5011000032.doc,1,₪ 780.00,
כלי עבודה,מד טווח,מד טווח לייזר,5011000033,,GLM80,בוש,5011000033.jpg,5011000033.doc,1,"₪ 1,150.00",
כלי עבודה,מד טווח,מד טווח לייזר,5011000034,,GLM100C,בוש,5011000034.jpg,5011000034.doc,1,"₪ 1,400.00",
כלי עבודה,מד טווח,מד טווח לייזר,5011000035,,GLM120C,בוש,5011000035.jpg,5011000035.doc,1,"₪ 1,550.00",
כלי עבודה,מד טווח,מד טווח לייזר,5011000036,,GLM150,בוש,5011000036.jpg,5011000036.doc,1,"₪ 1,350.00",
כלי עבודה,מד טווח,מד טווח לייזר,5011000037,,GLM250VF,בוש,5011000037.jpg,5011000037.doc,1,"₪ 1,800.00",
כלי עבודה,פלס,פלס לייזר צלב ירוק,5011000038,,15994.0KM\GLL3-80 GC,בוש,5011000038.jpg,5011000038.doc,1,"₪ 3,750.00",
כלי עבודה,פלס,פלס היקפי 3 מעגלים,5011000039,,1063.305\GLL3-80,בוש,5011000039.jpg,5011000039.doc,1,"₪ 2,750.00",
כלי עבודה,פלס,פלס היקפי 2 מעגלים ,5011000040,,1063.205\GLL2-80,בוש,5011000040.jpg,5011000040.doc,1,"₪ 2,450.00",
כלי עבודה,פלס,פלס לייזר צלב,5011000041,,1063.310\GLL 3X,בוש,5011000041.jpg,5011000041.doc,1,₪ 850.00,
כלי עבודה,פלס,פלס לייזר צלב,5011000042,,1063.N\GLL5-50X,בוש,5011000042.jpg,5011000042.doc,1,"₪ 1,500.00",
כלי עבודה,פלס,פלס לייזר מסתובב,5011000043,,1061.5\GRL 300 HV,בוש,5011000043.jpg,5011000043.doc,1,"₪ 5,000.00",
כלי עבודה,גלאי,גלאי מתכות וחשמל,5011000044,,1081\GMS 120,בוש,5011000044.jpg,5011000044.doc,1,₪ 520.00,
כלי עבודה,חצובה,חצובה,5011000045,,1096.B\BT 150,בוש,5011000045.jpg,5011000045.doc,1,₪ 250.00,
כלי עבודה,קולט קרן,קולט קרן ,5011000046,,1069.1\LR2,בוש,5011000046.jpg,5011000046.doc,1,₪ 620.00,
כלי עבודה,תושבת,תושבת,5011000047,,1015.A01\BM1 ,בוש,5011000047.jpg,5011000047.doc,1,₪ 360.00,
כלי עבודה,פטישון,"פטישון 28מ""מ",5011000048,,11267.590\GBH2-28,בוש,5011000048.jpg,5011000048.doc,1,"₪ 1,150.00",
כלי עבודה,פטישון,"פטישון 26 מ""מ",5011000049,,11253.7\GBH 2-26 DRE,בוש,5011000049.jpg,5011000049.doc,1,₪ 880.00,
כלי עבודה,פטיש חציבה,פטיש חציבה לעומס גבוה ,5011000050,,1130A\GSH 27 VC,בוש,5011000050.jpg,5011000050.doc,1,"₪ 7,800.00",
כלי עבודה,פטיש חציבה,פטיש חציבה לעומס גבוה ,5011000051,,11316\GSH 11E,בוש,5011000051.jpg,5011000051.doc,1,"₪ 2,600.00",
כלי עבודה,פטיש חציבה,פטיש חציבה,5011000052,,11322\GSH7 VC ,בוש,5011000052.jpg,5011000052.doc,1,"₪ 3,100.00",
כלי עבודה,פטיש חציבה,פטיש חציבה,5011000053,,11321\GSH 5 CE,בוש,5011000053.jpg,5011000053.doc,1,"₪ 2,000.00",
כלי עבודה,פטיש חציבה,פטיש חציבה,5011000054,,11337\GSH 5,בוש,5011000054.jpg,5011000054.doc,1,"₪ 1,950.00",
כלי עבודה,פטיש קידוח,"פטיש קידוח 52מ""מ",5011000055,,11266.190\GBH 12-52D,בוש,5011000055.jpg,5011000055.doc,1,"₪ 4,250.00",
כלי עבודה,פטיש קידוח,"פטיש קידוח 45מ""מ",5011000056,,11265.190\GBH 8-45D,בוש,5011000056.jpg,5011000056.doc,1,"₪ 3,800.00",
כלי עבודה,פטיש קידוח,"פטיש קידוח 40 מ""מ טורבו",5011000057,,11264\GBH5-40 DCE,בוש,5011000057.jpg,5011000057.doc,1,"₪ 3,500.00",
כלי עבודה,מקדחה,מקדחה רוטטת ,5011000058,,117B.590\GSB19-2 RE,בוש,5011000058.jpg,5011000058.doc,1,₪ 870.00,
כלי עבודה,מקדחה,מקדחה רוטטת ,5011000059,,1217.192\GSB 13 RE,בוש,5011000059.jpg,5011000059.doc,1,₪ 500.00,
כלי עבודה,מקדחה,מקדחה מהירה לאלומניום ,5011000060,,1472\GBM 6RE,בוש,5011000060.jpg,5011000060.doc,1,₪ 380.00,
כלי עבודה,משור אנכי,מסור אנכי ,5011000061,,1513\GST 150 BCE,בוש,5011000061.jpg,5011000061.doc,1,"₪ 1,000.00",
כלי עבודה,משור אנכי,מסור אנכי ,5011000062,,1509.29\GST 65 B,בוש,5011000062.jpg,5011000062.doc,1,₪ 470.00,
כלי עבודה,משור פנדל,"מסור פנדל 12""",5011000063,,1B23.100\GCM 12 SDE,בוש,5011000063.jpg,5011000063.doc,1,"₪ 5,400.00",
כלי עבודה,משור שורף,"מסור שורף 14""",5011000064,,1B38.100\GCO 20-14,בוש,5011000064.jpg,5011000064.doc,1,"₪ 1,200.00",
כלי עבודה,משור עגול ,"מסור עגול 2\1"" 7",5011000065,,1668.900\GKS 65 GCE,בוש,5011000065.jpg,5011000065.doc,1,"₪ 1,250.00",
כלי עבודה,משור עגול ,"מסור עגול 2\1"" 7",5011000066,,1623\GKS 190,בוש,5011000066.jpg,5011000066.doc,1,₪ 850.00,
כלי עבודה,מלטשת,"מלטשת אקצנטרית 5""",5011000067,,1387.99\GEX 125-1 AE,בוש,5011000067.jpg,5011000067.doc,1,₪ 750.00,
כלי עבודה,מלטשת,מסור\מלטשת רב שימושי,5011000068,,1231.100\GOP 55-36,בוש,5011000068.jpg,5011000068.doc,1,"₪ 1,550.00",
כלי עבודה,משחזת זוית,"משחזת זוית 4.5"" 115 מ""מ",5011000069,,1396.091\GWS9-115,בוש,5011000069.jpg,5011000069.doc,1,₪ 400.00,
כלי עבודה,משחזת זוית,"משחזת זוית 4.5"" 115 מ""מ",5011000070,,1388.1\GWS7-115,בוש,5011000070.jpg,5011000070.doc,1,₪ 390.00,
כלי עבודה,משחזת זוית,"משחזת זוית 9"" 230מ""מ",5011000071,,1882.MO3\GWS22-230HJ,בוש,5011000071.jpg,5011000071.doc,1,₪ 630.00,
כלי עבודה,משחזת שולחן,"משחזת שולחן 6"" 150מ""מ",5011000072,,127A.300\GBG 35-15,בוש,5011000072.jpg,5011000072.doc,1,₪ 820.00,
כלי עבודה,מלטשת,"מלטשת פחחים אלקטרונית7""180ממ",5011000073,,1389.003\GPO 14 CE ,בוש,5011000073.jpg,5011000073.doc,1,"₪ 1,300.00",
כלי עבודה,מחרצה,מחרצה לבטון ,5011000074,,1368\GNF 65A,בוש,5011000074.jpg,5011000074.doc,1,"₪ 4,500.00",
כלי עבודה,מחרצה,"מחרצה לבטון 6""",5011000075,,1621\GNF35 CA ,בוש,5011000075.jpg,5011000075.doc,1,"₪ 3,150.00",
כלי עבודה,מברגה,מברגת רטיטה אימפקט ,5011000076,,3980.300\PDR 18LI,בוש ירוק ביתי ,5011000076.jpg,5011000076.doc,1,₪ 650.00,
כלי עבודה,מברגה,מברגה \מקדחה 12וולט,5011000077,,39A2.10A\EASYDRILL1200,בוש ירוק ביתי ,5011000077.jpg,5011000077.doc,1,₪ 450.00,
כלי עבודה,מקדחה,מקדחה רוטטת ,5011000078,,3130\EASYIMPACT 550,בוש ירוק ביתי ,5011000078.jpg,5011000078.doc,1,₪ 480.00,
כלי עבודה,מלטשת,מלטשת אקצנטרית ,5011000079,,3378\PEX 220A,בוש ירוק ביתי ,5011000079.jpg,5011000079.doc,1,₪ 400.00,
כלי עבודה,משור אנכי,מסור אנכי קומפקט,5011000080,,33A0.7\PST 650,בוש ירוק ביתי ,5011000080.jpg,5011000080.doc,1,₪ 360.00,
כלי עבודה,משור חרב,מסור חרב ,5011000081,,33A6\PSA 900E,בוש ירוק ביתי ,5011000081.jpg,5011000081.doc,1,₪ 650.00,
כלי עבודה,אקדח צבע,אקדח צבע,5011000082,,3207.100\PFS 3000-2,בוש ירוק ביתי ,5011000082.jpg,5011000082.doc,1,₪ 750.00,
כלי עבודה,אקדח צבע,אקדח צבע,5011000083,,3207.300\PFS 2000,בוש ירוק ביתי ,5011000083.jpg,5011000083.doc,1,₪ 550.00,
כלי עבודה,מנקה חלונות,מנקה חלונות נטען 3.6וולט,5011000084,,08B7\GLASSVAC 3.6V,בוש ירוק ביתי ,5011000084.jpg,5011000084.doc,1,₪ 450.00,
כלי עבודה,מברגה,אימפקט 18וולטBL,5012000001,,DCF887P2,דיוולט,5012000001.jpg,5012000001.doc,1,"₪ 2,200.00",
כלי עבודה,מברגה,אימפקט 18וולטBL,5012000002,,DCF887D2,דיוולט,5012000002.jpg,5012000002.doc,1,"₪ 1,700.00",
כלי עבודה,מקדחה,מקדחה רוטטת 18וולט 2אמפר\שעה,5012000003,,DCD796D2,דיוולט,5012000003.jpg,5012000003.doc,1,,
כלי עבודה,מקדחה,מקדחה 18וולט 1.5אמפר\שעה,5012000004,,DCD777S2T,דיוולט,5012000004.jpg,5012000004.doc,1,,
כלי עבודה,מקדחה,מקדחה רוטטת 18וולט 5אמפר\שעה,5012000005,,DCD796P2,דיוולט,5012000005.jpg,5012000005.doc,1,,
כלי עבודה,מפתח בוקסות ,מפתח בוקסות 18וולט,5012000006,,DCF880M2,דיוולט,5012000006.jpg,5012000006.doc,1,"₪ 2,200.00",
כלי עבודה,מפתח בוקסות ,מפתח בוקסות hight torque 18v,5012000007,,DCF899P2,דיוולט,5012000007.jpg,5012000007.doc,1,"₪ 3,400.00",
כלי עבודה,פטישון,פטישון 18וולט,5012000008,,DCH133M1,דיוולט,5012000008.jpg,5012000008.doc,1,"₪ 1,600.00",
כלי עבודה,פטישון,פטישון 18וולט,5012000009,,DCH253M2,דיוולט,5012000009.jpg,5012000009.doc,1,,
כלי עבודה,משור עגול ,מסור עגול 7.25 18וולט,5012000010,,DCS570P2,דיוולט,5012000010.jpg,5012000010.doc,1,,
כלי עבודה,סט,סט אימפקט ופטישון 18וולט 4אמפר\שעה,5012000011,,DCK2531M2,דיוולט,5012000011.jpg,5012000011.doc,1,,
כלי עבודה,סט,סט אימפקט ופטישון 18וולט 5אמפר\שעה,5012000012,,DCK2532P2,דיוולט,5012000012.jpg,5012000012.doc,1,,
כלי עבודה,סט,סט אימפקט+פטישון+משחזת18וולט 5אמפר,5012000013,,DCK354P2,דיוולט,5012000013.jpg,5012000013.doc,1,,
כלי עבודה,סט,סט אימפקט ומקדחה רוטטת 18וולט,5012000014,,DCK887D2,דיוולט,5012000014.jpg,5012000014.doc,1,,
כלי עבודה,סט,סט אימפקט ומקדחה רוטטת 18וולט,5012000015,,DCK285M2,דיוולט,5012000015.jpg,5012000015.doc,1,,
כלי עבודה,מברגה,מברגת אימפקט10.8וולט,5012000016,,DCF815C2,דיוולט,5012000016.jpg,5012000016.doc,1,₪ 750.00,
כלי עבודה,מבאגה,מברגה\מקדחה 10.8וולט,5012000017,,DCD710D2,דיוולט,5012000017.jpg,5012000017.doc,1,,
כלי עבודה,סט,סט מברגה\מקדחה ואימפקט 10.8וולט,5012000018,,DCK211C2T,דיוולט,5012000018.jpg,5012000018.doc,1,"₪ 1,100.00",
כלי עבודה,מקדחה,מקדחה לאלומניום ,5012000019,,DWD014S,דיוולט,5012000019.jpg,5012000019.doc,1,,
כלי עבודה,מקדחה,מקדחה רוטטת 701וואט פוטר אוטומטי,5012000020,,DWD024KS,דיוולט,5012000020.jpg,5012000020.doc,1,₪ 450.00,
כלי עבודה,פטישון,"פטישון 22מ""מ ",5012000021,,D25033K,דיוולט,5012000021.jpg,5012000021.doc,1,,
כלי עבודה,פטישון ,"פטישון 26מ""מ",5012000022,,D25133K,דיוולט,5012000022.jpg,5012000022.doc,1,,
כלי עבודה,פטישון ,"פטישון 26מ""מ+ראש נשלף ",5012000023,,D25134K,דיוולט,5012000023.jpg,5012000023.doc,1,,
כלי עבודה,פטישון ,"פטישון 28מ""מ+ראש נשלף ",5012000024,,D25144K,דיוולט,5012000024.jpg,5012000024.doc,1,,
כלי עבודה,פטיש חציבה,"פטיש חציבה 6.1ק""ג",5012000025,,D25831K,דיוולט,5012000025.jpg,5012000025.doc,1,"₪ 2,100.00",
כלי עבודה,פטיש חציבה,"פטיש חציבה וקידוח 40מ""מ",5012000026,,D25501K,דיוולט,5012000026.jpg,5012000026.doc,1,"₪ 2,900.00",
כלי עבודה,פטיש חציבה,"פטיש חציבה וקידוח 45מ""מ",5012000027,,D25601K,דיוולט,5012000027.jpg,5012000027.doc,1,"₪ 3,200.00",
כלי עבודה,משחזת זוית,"משחזת זוית 4.5"" 800וואט",5012000028,,DWE4056,דיוולט,5012000028.jpg,5012000028.doc,1,,
כלי עבודה,משחזת זוית,"משחזת זוית 4.5"" 900וואט",5012000029,,DWE4156,דיוולט,5012000029.jpg,5012000029.doc,1,,
כלי עבודה,משחזת זוית,"משחזת זוית 9"" 2000וואט",5012000030,,DWE490,דיוולט,5012000030.jpg,5012000030.doc,1,,
כלי עבודה,משור שורף,"מסור שורף 14"" 2200וואט",5012000031,,D28710,דיוולט,5012000031.jpg,5012000031.doc,1,,
כלי עבודה,מפתח בוקסות ,מפתח בוקסות חשמלי 2\1,5012000032,,DW292,דיוולט,5012000032.jpg,5012000032.doc,1,,
כלי עבודה,מפתח בוקסות ,מפתח בוקסות חשמלי 4\3,5012000033,,DW294,דיוולט,5012000033.jpg,5012000033.doc,1,,
כלי עבודה,פולישר,"פולישר 7"" ",5012000034,,DWP849X,דיוולט,5012000034.jpg,5012000034.doc,1,,
כלי עבודה,משור חרב,מסור חרב עם פנדל 1200וואט,5012000035,,DW311K,דיוולט,5012000035.jpg,5012000035.doc,1,,
כלי עבודה,משור חרב,מסור חרב 1100וואט,5012000036,,DWE305PK,דיוולט,5012000036.jpg,5012000036.doc,1,,
כלי עבודה,מפזר חום ,מפזר חום,5012000037,,D26411,דיוולט,5012000037.jpg,5012000037.doc,1,,
כלי עבודה,מד טווח,מד טווח לייזר 9מטר,5012000038,,DW030PL,דיוולט,5012000038.jpg,5012000038.doc,1,,
כלי עבודה,מד טווח,מד טווח לייזר 30 מטר,5012000039,,DW033,דיוולט,5012000039.jpg,5012000039.doc,1,,
כלי עבודה,מד טווח,מד טווח לייזר 50 מטר,5012000040,,DW03050,דיוולט,5012000040.jpg,5012000040.doc,1,,
כלי עבודה,משור אנכי,מסור אנכי 550וואט ,5012000041,,DW341K,דיוולט,5012000041.jpg,5012000041.doc,1,,
כלי עבודה,משור אנכי,מסור אנכי 701וואט,5012000042,,DW331K,דיוולט,5012000042.jpg,5012000042.doc,1,,
כלי עבודה,מלטשת,"מלטשת אקצנטרית 5""",5012000043,,DWE6423,דיוולט,5012000043.jpg,5012000043.doc,1,,
כלי עבודה,מלטשת,מלטשת מרובעת,5012000044,,DWE6411,דיוולט,5012000044.jpg,5012000044.doc,1,,
כלי עבודה,משור עגול ,"מסור עגול 4\1"" 7 1350וואט",5012000045,,DWE560,דיוולט,5012000045.jpg,5012000045.doc,1,,
כלי עבודה,משור עגול ,"מסור עגול 2\1""7 1600וואט",5012000046,,DWE575K,דיוולט,5012000046.jpg,5012000046.doc,1,,
כלי עבודה,ארגז כלים,ארגז כלים שחור ,5012000047,,D17807,דיוולט,5012000047.jpg,5012000047.doc,1,₪ 130.00,
כלי עבודה,ארגז כלים,ארגז כלים צהוב\שחור+אורגנייזר,5012000048,,D17808,דיוולט,5012000048.jpg,5012000048.doc,1,₪ 175.00,
כלי עבודה,ארגז כלים,ארגז כלים שקוף 9 כוסות,5012000049,,D17805,דיוולט,5012000049.jpg,5012000049.doc,1,₪ 185.00,
כלי עבודה,ארגז כלים,ארגז משולב 24 (2ארגזים ב1),5012000050,,D17082,דיוולט,5012000050.jpg,5012000050.doc,1,,
כלי עבודה,ארגז כלים,ארגז כלים שתי מגירות,5012000051,,D17804,דיוולט,5012000051.jpg,5012000051.doc,1,₪ 230.00,
כלי עבודה,ארגז כלים,ארגז כלים מגירה+6 כוסות ,5012000052,,D17803,דיוולט,5012000052.jpg,5012000052.doc,1,₪ 230.00,
כלי עבודה,ארגז כלים,ארגז כלים גבוה ,5012000053,,D17806,דיוולט,5012000053.jpg,5012000053.doc,1,₪ 215.00,
כלי עבודה,עגלה,עגלת טרולי + ארגז (ידית טלסקופית),5012000054,,D17820,דיוולט,5012000054.jpg,5012000054.doc,1,"₪ 1,400.00",
כלי עבודה,עגלה,עגלה גבוהה לארגזים TSTAK,5012000055,,D17888,דיוולט,5012000055.jpg,5012000055.doc,1,,
כלי עבודה,ארגז כלים,ארגז כלים TOUGH SYSTEM,5012000056,,DS100,דיוולט,5012000056.jpg,5012000056.doc,1,₪ 260.00,
כלי עבודה,ארגז כלים,ארגז כלים TOUGH SYSTEM,5012000057,,DS150,דיוולט,5012000057.jpg,5012000057.doc,1,₪ 290.00,
כלי עבודה,ארגז כלים,ארגז כלים TOUGH SYSTEM,5012000058,,DS250,דיוולט,5012000058.jpg,5012000058.doc,1,₪ 300.00,
כלי עבודה,ארגז כלים,ארגז כלים TOUGH SYSTEM,5012000059,,DS300,דיוולט,5012000059.jpg,5012000059.doc,1,₪ 370.00,
כלי עבודה,ארגז כלים,ארגז כלים TOUGH SYSTEM,5012000060,,DS400,דיוולט,5012000060.jpg,5012000060.doc,1,₪ 450.00,
כלי עבודה,משור גרונג,"משור גרונג 8"" T12306",5012000061,,MS210,טרגיט,5012000061.jpg,5012000061.doc,1,,
כלי עבודה,משור גרונג,"משור גרונג8"" עם שולחן עליון T12310",5012000062,,MS210U,טרגיט,5012000062.jpg,5012000062.doc,1,"₪ 2,000.00",
כלי עבודה,משור גרונג,"משור גרונג 10"" עם שולחן עליון T12311",5012000063,,MS255U,טרגיט,5012000063.jpg,5012000063.doc,1,"₪ 1,450.00",
כלי עבודה,עגלה,עגלת יד מתקפלת T10550,5012000064,,AT60,טרגיט,5012000064.jpg,5012000064.doc,1,₪ 180.00,
כלי עבודה,עגלה,עגלת יד מתקפלת T10554,5012000065,,AT200,טרגיט,5012000065.jpg,5012000065.doc,1,₪ 600.00,
כלי עבודה,עגלה,עגלת יד מתקפלת T10557,5012000066,,AT200HD,טרגיט,5012000066.jpg,5012000066.doc,1,,
כלי עבודה,עגלה,עגלת יד מתקפלת דו מצבית T10558,5012000067,,AT250HD MULTI,טרגיט,5012000067.jpg,5012000067.doc,1,,
כלי עבודה,מערבל,מערבל צבעT13001,5012000068,,MIX1600 שתי מוטות,טרגיט,5012000068.jpg,5012000068.doc,1,"₪ 1,500.00",
כלי עבודה,מערבל,מערבל צבעT13003,5012000069,,MIX1600 מוט אחד,טרגיט,5012000069.jpg,5012000069.doc,1,₪ 700.00,
כלי עבודה,מערבל,מערבל צבעT13004  ,5012000070,,MIX 1600B מוט אחד,טרגיט,5012000070.jpg,5012000070.doc,1,₪ 650.00,
כלי עבודה,מוט עירבול,"מוט עירבול120מ""מ עם 2להבים הברגה M14",5012000071,,TA131-120,טרגיט,5012000071.jpg,5012000071.doc,1,,
כלי עבודה,מוט עירבול,"מוט עירבול160מ""מ עם2להבים הברגה M14",5012000072,,TA131-160,טרגיט,5012000072.jpg,5012000072.doc,1,,
כלי עבודה,מלטשת,מלטשת קירות ידנית T13009,5012000073,,SANDER 180L,טרגיט,5012000073.jpg,5012000073.doc,1,,
כלי עבודה,מלטשת,מלטשת קירות גבס T13011,5012000074,,SANDER 230FHC,טרגיט,5012000074.jpg,5012000074.doc,1,"₪ 1,000.00",
כלי עבודה,פולישר,"מכונת פוליש 17"" T10810",5012000075,,PROFESSIONAL,טרגיט,5012000075.jpg,5012000075.doc,1,"₪ 2,400.00",
כלי עבודה,מדחס,מיני מדחס 12וולט ,5012000076,,T12202,טרגיט,5012000076.jpg,5012000076.doc,1,₪ 250.00,
כלי עבודה,מדחס,מידי מדחס 12וולט,5012000077,,T12203,טרגיט,5012000077.jpg,5012000077.doc,1,₪ 300.00,
כלי עבודה,גנרטור,גנרטור TG-850AVR,5012000078,,T42009,טרגיט,5012000078.jpg,5012000078.doc,1,₪ 950.00,
כלי עבודה,גנרטור,גנרטור TG-1200AVR,5012000079,,T42001,טרגיט,5012000079.jpg,5012000079.doc,1,,
כלי עבודה,גנרטור,גנרטור TG-12V (מיוחד למנערות זיתים),5012000080,,T42012,טרגיט,5012000080.jpg,5012000080.doc,1,"₪ 1,500.00",
כלי עבודה,גנרטור,גנרטור TG2800 AVR,5012000081,,T42002,טרגיט,5012000081.jpg,5012000081.doc,1,"₪ 1,600.00",
כלי עבודה,גנרטור,גנרטור TG3500 AVR,5012000082,,T42003,טרגיט,5012000082.jpg,5012000082.doc,1,"₪ 1,800.00",
כלי עבודה,גנרטור,גנרטור TG-5500S AVR,5012000083,,T42005.A,טרגיט,5012000083.jpg,5012000083.doc,1,"₪ 3,500.00",
כלי עבודה,גנרטור,גנרטור TG-8000S AVR,5012000084,,T42006.A,טרגיט,5012000084.jpg,5012000084.doc,1,,
כלי עבודה,גנרטור,גנרטור TG-1250IS,5012000085,,T42010,טרגיט,5012000085.jpg,5012000085.doc,1,"₪ 2,150.00",
כלי עבודה,גנרטור,גנרטור TG-2200IS,5012000086,,T42248,טרגיט,5012000086.jpg,5012000086.doc,1,"₪ 3,100.00",
כלי עבודה,גנרטור,גנרטור TG-3000IS,5012000087,,T42249,טרגיט,5012000087.jpg,5012000087.doc,1,"₪ 4,200.00",
כלי עבודה,גנרטור,גנרטור TG-8000ID,5012000088,,T42206,טרגיט,5012000088.jpg,5012000088.doc,1,"₪ 5,600.00",
כלי עבודה,רתכת,רתכת אלקטרונית INVERTER T30129,5012000089,,HAMMER-165,טרגיט,5012000089.jpg,5012000089.doc,1,₪ 500.00,
כלי עבודה,רתכת,רתכת אלקטרונית  T30109 INVERTER,5012000090,,HAMMER-202,טרגיט,5012000090.jpg,5012000090.doc,1,₪ 750.00,
כלי עבודה,רתכת,מסיכת ריתוך אלקטרונית ,5012000091,,T14002,טרגיט,5012000091.jpg,5012000091.doc,1,₪ 250.00,
כלי עבודה,מקדחת עמוד,מקדחת עמוד מיני DP13-60,5012000092,,T11216,טרגיט,5012000092.jpg,5012000092.doc,1,,
כלי עבודה,מקדחת עמוד,מקדחת עמוד DP16-160,5012000093,,T11212,טרגיט,5012000093.jpg,5012000093.doc,1,,
כלי עבודה,כננת,"כננת חשמלית 125\250 ק""ג",5012000094,,T11700,טרגיט,5012000094.jpg,5012000094.doc,1,₪ 400.00,
כלי עבודה,כננת,"כננת חשמלית 250\500 ק""ג",5012000095,,T11701,טרגיט,5012000095.jpg,5012000095.doc,1,₪ 750.00,
כלי עבודה,כננת,"כננת חשמלית 500\1000 ק""ג",5012000096,,T11706,טרגיט,5012000096.jpg,5012000096.doc,1,"₪ 1,500.00",
כלי עבודה,זרוע לכננת ,"זרוע לכננת חשמלית אורך 750מ""מ",5012000097,,T11703,טרגיט,5012000097.jpg,5012000097.doc,1,₪ 200.00,
כלי עבודה,זרוע לכננת ,"זרוע לכננת חשמלית אורך 1100מ""מ",5012000098,,T11705,טרגיט,5012000098.jpg,5012000098.doc,1,₪ 250.00,
מרססים,ידני,מרסס גב סולו גרמני קומפורט 425 G,6010000001,4015966425343,61901010,גרעין,6010000001.jpg,6010000001.doc,1,,
מרססים,ידני,מרסס סולו גב 425P,6010000002,,61901008,גרעין,6010000002.jpg,6010000002.doc,1,,
מרססים,ידני,מרסס צד סולו 5 ליטר קומפורט456,6010000003,4015966456149,61901015,גרעין,6010000003.jpg,6010000003.doc,1,₪ 350.00,
מרססים,ידני,מרסס צד סולו 5 ליטר קומפורט 461,6010000004,4015966461143,61901014,גרעין,6010000004.jpg,6010000004.doc,1,₪ 220.00,
מרססים,מנועי,מרסס גב סולו גרמני מנועי 423,6010000005,4015966423301,61901024,גרעין,6010000005.jpg,6010000005.doc,1,"₪ 3,800.00",
מרססים,נטען,מרסס גב סולו חשמלי נטען 416LI,6010000006,4015966416013,61901029,גרעין,6010000006.jpg,6010000006.doc,1,"₪ 2,200.00",
מרססים,נטען,מרסס חשמלי נטען 16ליטר KOBOLD,6010000007,,,יבוא,6010000007.jpg,6010000007.doc,1,₪ 400.00,
מכונות שטיפה,ביתי,מכונת שטיפה K2 COMPACT,7010000001,,1.673-121.0,קרשר,7010000001.jpg,7010000001.doc,1,₪ 550.00,
מכונות שטיפה,מכונת שטיפה ביתי,מכונת שטיפה K2 COMPACT HOME,7010000002,,1.673-124.0,קרשר,7010000002.jpg,7010000002.doc,1,₪ 500.00,
מכונות שטיפה,מכונת שטיפה ביתי,מכונת שטיפה K2 CAR KIT,7010000003,,1.673-228.0,קרשר,7010000003.jpg,7010000003.doc,1,₪ 600.00,
מכונות שטיפה,מכונת שטיפה ביתי,מכונת שטיפה K3,7010000004,,1.676-011.0,קרשר,7010000004.jpg,7010000004.doc,1,₪ 900.00,
מכונות שטיפה,מכונת שטיפה ביתי,מכונת שטיפה K4BC,7010000005,,1.180-230.0,קרשר,7010000005.jpg,7010000005.doc,1,"₪ 1,500.00",
מכונות שטיפה,מכונת שטיפה ביתי,מכונת שטיפה K5 COPACT,7010000006,,1.630-720.0,קרשר,7010000006.jpg,7010000006.doc,1,"₪ 1,750.00",
מכונות שטיפה,מכונת שטיפה ביתי,מכונת שטיפה K7,7010000007,,1.168-502.0,קרשר,7010000007.jpg,7010000007.doc,1,"₪ 2,700.00",
מכונות שטיפה,מכונת שטיפה תעשייתי,מכונת שטיפה מים קריםHD6\15M  ,7010000008,,1.150-930.0,קרשר,7010000008.jpg,7010000008.doc,1,"₪ 4,600.00",
מכונות שטיפה,מכונת שטיפה תעשייתי,מכונת שטיפה מים קרים HD 7/18 C,7010000009,,1.151-600.0,קרשר,7010000009.jpg,7010000009.doc,1,"₪ 5,200.00",
מכונות שטיפה,שואב ביתי,שואב אבק יבש-רטוב WD3,7010010001,,1.629-801.0,קרשר,7010010001.jpg,7010010001.doc,1,₪ 500.00,
מכונות שטיפה,שואב ביתי,שואב אבק יבש-רטובWD3PREMIUM,7010010002,,1.629-841.0,קרשר,7010010002.jpg,7010010002.doc,1,₪ 500.00,
מכונות שטיפה,שואב ביתי,שואב אבק יבש-רטוב WD5 PREMIUM,7010010003,,1.348-230.0,קרשר,7010010003.jpg,7010010003.doc,1,"₪ 1,200.00",
מכונות שטיפה,שואב תעשייתי,שואב אבק יבש\רטובNT30\1 TACT,7010010004,,1.148-211.0,קרשר,7010010004.jpg,7010010004.doc,1,"₪ 3,200.00",
מכונות שטיפה,שואב תעשייתי,שואב אבק יבש T12\1,7010010005,,1.355-100.0,קרשר,7010010005.jpg,7010010005.doc,1,,
מכונות שטיפה,מכונת הזרקה ,מכונת הזרקה\יניקהPUZZI10\2 ADV,7010010006,,1.193-120.0,קרשר,7010010006.jpg,7010010006.doc,1,"₪ 3,500.00",
מכונות שטיפה,קיטורית ,קיטורית ניקוי באדים SC3,7010010007,,1513-110,קרשר,7010010007.jpg,7010010007.doc,1,"₪ 1,090.00",
מכונות שטיפה,קיטורית ,קיטורית ניקוי באדים SC5+IRON KIT,7010010008,,1.512-503.0,קרשר,7010010008.jpg,7010010008.doc,1,"₪ 2,800.00",
מכונות שטיפה,מקרצפת רצפה,מקרצפת רצפה ופרקטים FC5,7010010009,,1.055-500.0,קרשר,7010010009.jpg,7010010009.doc,1,"₪ 1,090.00",
מכונות שטיפה,מטאטא חשמלי (ביתי),מטאטא חשמלי נטען KB 5,7010010010,,,קרשר,7010010010.jpg,7010010010.doc,1,₪ 390.00,
מכונות שטיפה,מנקה חלונות ,מנקה חלונות נטעןWV2,7010010011,,1.633.300.0,קרשר,7010010011.jpg,7010010011.doc,1,₪ 390.00,
מכונות שטיפה,מכונת שטיפה ביתי,מכונת שטיפה-ירוק,7011000001,,08A7.F EASYAQUATAK110,בוש,7011000001.jpg,7011000001.doc,1,₪ 550.00,
מכונות שטיפה,מכונת שטיפה ביתי,מכונת שטיפה-ירוק,7011000002,,08A7.A UNIVERSALAQUATAK 125,בוש,7011000002.jpg,7011000002.doc,1,₪ 900.00,
מכונות שטיפה,מכונת שטיפה ביתי,מכונת שטיפה-ירוק,7011000003,,08A7.B UNIVERSALAQUATAK 130,בוש,7011000003.jpg,7011000003.doc,1,"₪ 1,100.00",
מכונות שטיפה,מכונת שטיפה ביתי,מכונת שטיפה-ירוק,7011000004,,08A7.C UNIVERSAL AQUATAK 135,בוש,7011000004.jpg,7011000004.doc,1,"₪ 1,150.00",
מכונות שטיפה,מכונת שטיפה ביתי,מכונת שטיפה-ירוק,7011000005,,AQT 45-14,בוש,7011000005.jpg,7011000005.doc,1,"₪ 1,800.00",
מכונות שטיפה,מכונת שטיפה ביתי,מכונת שטיפה-ירוק,7011000006,,08A7.7\ADVANCED AQT 150,בוש,7011000006.jpg,7011000006.doc,1,"₪ 2,250.00",
מכונות שטיפה,מכונת שטיפה ביתי,מכונת שטיפה-ירוק,7011000007,,08A7.8\ADVANCED AQT 160,בוש,7011000007.jpg,7011000007.doc,1,"₪ 2,750.00",
מכונות שטיפה,מכונת שטיפה ,מכונת שטיפה מקצועית,7011000008,,0910\GHP 5-13C,בוש,7011000008.jpg,7011000008.doc,1,"₪ 3,000.00",
מכונות שטיפה,מכונת שטיפה,מכונת שטיפה מקצועית,7011000009,,0910.4\GHP 5-55,בוש,7011000009.jpg,7011000009.doc,1,"₪ 2,600.00",
מכונות שטיפה,מכונת שטיפה,מכונת שטיפה מקצועית,7011000010,,0910.6\GHP 5-65X,בוש,7011000010.jpg,7011000010.doc,1,"₪ 3,500.00",
מכונות שטיפה,מכונת שטיפה,מכונת שטיפה מקצועית,7011000011,,0910.8\GHP 5-75X,בוש,7011000011.jpg,7011000011.doc,1,"₪ 3,950.00",
מכונות שטיפה,שואב ,שואב 15ליטר מיכל פלסטיק ,7012000001,,T11806,טרגיט,7012000001.jpg,7012000001.doc,1,,
מכונות שטיפה,שואב,שואב 15ליטר מיכל נירוסטה ,7012000002,,T11805,טרגיט,7012000002.jpg,7012000002.doc,1,,
מכונות שטיפה,שואב,שואב 80ליטר מיכל נירוסטה,7012000003,,T11810,טרגיט,7012000003.jpg,7012000003.doc,1,,
תעלות,תעלה,תעלת ניקוז(בית) A15,8010000001,,51600010,פלסאון,8010000001.jpg,8010000001.doc,1,₪ 150.00,
תעלות,תעלה,תעלת ניקוז(חניה)A15,8010000002,,51600011,פלסאון,8010000002.jpg,8010000002.doc,1,₪ 140.00,
תעלות,תעלה,תעלת ניקוזA15,8010000003,,51600016,פלסאון,8010000003.jpg,8010000003.doc,1,₪ 190.00,
תעלות,תעלה,תעלת ניקוזB125,8010000004,,51600012,פלסאון,8010000004.jpg,8010000004.doc,1,₪ 470.00,
תעלות,תעלה,תעלת ניקוזB125,8010000005,,51600017,פלסאון,8010000005.jpg,8010000005.doc,1,₪ 375.00,
תעלות,תעלה,תעלת ניקוזC250,8010000006,,51600013,פלסאון,8010000006.jpg,8010000006.doc,1,₪ 670.00,
תעלות,תעלה,תעלת ניקוזC250,8010000007,,51600015,פלסאון,8010000007.jpg,8010000007.doc,1,₪ 550.00,
תעלות,תעלה,תעלת ניקוזC250,8010000008,,51600018,פלסאון,8010000008.jpg,8010000008.doc,1,₪ 500.00,
תעלות,תעלה,תעלת ניקוזD400,8010000009,,51600014,פלסאון,8010000009.jpg,8010000009.doc,1,₪ 630.00,
תעלות,קופסת ניקוז,קופסת ניקוז,8010000010,,51600035,פלסאון,8010000010.jpg,8010000010.doc,1,₪ 635.00,
תעלות,קופסת ניקוז,קופסת ניקוז,8010000011,,51600036,פלסאון,8010000011.jpg,8010000011.doc,1,₪ 630.00,
תעלות,קופסת ניקוז,קופסת ניקוז,8010000012,,51600042,פלסאון,8010000012.jpg,8010000012.doc,1,₪ 685.00,
תעלות,קופסת ניקוז,קופסת ניקוז,8010000013,,51600037,פלסאון,8010000013.jpg,8010000013.doc,1,₪ 800.00,
תעלות,קופסת ניקוז,קופסת ניקוז,8010000014,,51600043,פלסאון,8010000014.jpg,8010000014.doc,1,₪ 770.00,
תעלות,קופסת ניקוז,קופסת ניקוז,8010000015,,51600038,פלסאון,8010000015.jpg,8010000015.doc,1,₪ 900.00,
תעלות,קופסת ניקוז,קופסת ניקוז,8010000016,,51600040,פלסאון,8010000016.jpg,8010000016.doc,1,₪ 840.00,
תעלות,קופסת ניקוז,קופסת ניקוז,8010000017,,51600041,פלסאון,8010000017.jpg,8010000017.doc,1,₪ 820.00,
תעלות,קופסת ניקוז,קופסת ניקוז,8010000018,,51600039,פלסאון,8010000018.jpg,8010000018.doc,1,₪ 900.00,
תעלות,מחבר לתעלה,כיסוי קדמי לתעלה עם כניסהDN75,8010000019,,51600057,פלסאון,8010000019.jpg,8010000019.doc,1,₪ 18.00,
תעלות,מחבר לתעלה,מתאם חיבור צידי DN50,8010000020,,51600056,פלסאון,8010000020.jpg,8010000020.doc,1,₪ 30.00,
תעלות,מחבר לתעלה,כיסוי קדמי עיוור לתעלה,8010000021,,51600062,פלסאון,8010000021.jpg,8010000021.doc,1,₪ 15.00,
תעלות,מחבר לתעלה,סיום אקסנטרי לחיבור ביוב DN110,8010000022,,51600063,פלסאון,8010000022.jpg,8010000022.doc,1,₪ 50.00,
סולמות,עץ,סולם עץ 4,9010000001,,100104,חגית,9010000001.jpg,9010000001.doc,1,₪ 210.00,
סולמות,עץ,סולם עץ 5,9010000002,,100105,חגית,9010000002.jpg,9010000002.doc,1,₪ 260.00,
סולמות,עץ,סולם עץ 6,9010000003,,100106,חגית,9010000003.jpg,9010000003.doc,1,₪ 315.00,
סולמות,עץ,סולם עץ 7,9010000004,,100107,חגית,9010000004.jpg,9010000004.doc,1,₪ 365.00,
סולמות,עץ,סולם עץ 8,9010000005,,100108,חגית,9010000005.jpg,9010000005.doc,1,₪ 415.00,
סולמות,עץ,סולם עץ רב מקצועי 9,9010000006,,105609,חגית,9010000006.jpg,9010000006.doc,1,₪ 915.00,
סולמות,עץ,סולם עץ רב מקצועי 10,9010000007,,105610,חגית,9010000007.jpg,9010000007.doc,1,"₪ 1,100.00",
סולמות,עץ,סולם עץ רב מקצועי 12,9010000008,,105612,חגית,9010000008.jpg,9010000008.doc,1,,
סולמות,אלומניום ,סולם אלומניום טלסקופי 4חלקים,9010000009,,209904-2,חגית,9010000009.jpg,9010000009.doc,1,₪ 900.00,
סולמות,אלומניום ,סולם אלומניום רב שימושי 8שלבים,9010000010,,202308-1,חגית,9010000010.jpg,9010000010.doc,1,"₪ 1,100.00",
סולמות,אלומניום ,סולם אלומניום יחיד נשען 7שלבים,9010000011,,201007-4,חגית,9010000011.jpg,9010000011.doc,1,,
סולמות,אלומניום ,סולם אלומניום יחיד נשען 8שלבים,9010000012,,201008-4,חגית,9010000012.jpg,9010000012.doc,1,,
סולמות,אלומניום ,סולם אלומניום יחיד נשען 10שלבים,9010000013,,201010-4,חגית,9010000013.jpg,9010000013.doc,1,,
סולמות,אלומניום ,סולם שרות מתקפל 4שלבים,9010000014,,218085,חגית,9010000014.jpg,9010000014.doc,1,,
סולמות,אלומניום ,סולם שרות מתקפל 5שלבים,9010000015,,218116,חגית,9010000015.jpg,9010000015.doc,1,"₪ 1,600.00",
סולמות,אלומניום ,סולם אלומניום ביתי 4שלבים,9010000016,,201904,חגית,9010000016.jpg,9010000016.doc,1,₪ 900.00,
סולמות,אלומניום ,סולם אלומניום ביתי 5שלבים,9010000017,,201905,חגית,9010000017.jpg,9010000017.doc,1,,
סולמות,אלומניום ,סולם אלומניום פרקים 4מדרגים (4+3)*2,9010000018,,204104-1,חגית,9010000018.jpg,9010000018.doc,1,"₪ 1,000.00",
סולמות,אלומניום ,סולם אלומניום יחיד מתקפל 7,9010000019,,201210-3,חגית,9010000019.jpg,9010000019.doc,1,,
סולמות,אלומניום ,סולם אלומניום יחיד מתקפל 10,9010000020,,201300-3,חגית,9010000020.jpg,9010000020.doc,1,,
השקייה,אקדח מים ,מתז ידני מתכוונן ,1510000001,3551691137102,L1Q,אלגו,1510000001.jpg,1510000001.doc,1,,
השקייה,אקדח מים ,סט מחברים מהירים ומתז ידני,1510000002,7290001810774,LQ16-2,אלגו,1510000002.jpg,1510000002.doc,1,,
השקייה,אקדח מים ,אקדח פלסטיק 5 מצבים ,1510000003,7290008489638, L5Q,אלגו,1510000003.jpg,1510000003.doc,1,,
השקייה,אקדח מים ,אקדח מתכת,1510000004,3551691127004, L8Q,אלגו,1510000004.jpg,1510000004.doc,1,,
השקייה,אקדח מים ,אקדח פלסטיק 10 מצבים,1510000005,7290012284335,LP110,אלגו,1510000005.jpg,1510000005.doc,1,,
השקייה,אקדח מים ,אקדח פלסטיק פיה מתכווננת,1510000006,7290012284328,LP101,אלגו,1510000006.jpg,1510000006.doc,1,,
השקייה,אקדח מים ,אקדח פלסטי 10 מצבים + ערכת חיבורים מהירים,1510000007,7290003238452,EK110-2,אלגו,1510000007.jpg,1510000007.doc,1,,
השקייה,אקדח מים ,אקדח פלסטי  + ערכת חיבורים מהירים ,1510000008,7290003238245,EK101-2,אלגו,1510000008.jpg,1510000008.doc,1,,
השקייה,אקדח מחם ,אקדח מתכת פיה מתכווננת,1510000009,7290001810675,LP31,אלגו,1510000009.jpg,1510000009.doc,1,,
השקייה,אקדח מים ,אקדח מתכת 7 מצבים,1510000010,7290001810774,LP60,אלגו,1510000010.jpg,1510000010.doc,1,,
השקייה,אקדח מים ,אקדח מתכת פיה מתכווננת,1510000011,7290001810798,LP61,אלגו,1510000011.jpg,1510000011.doc,1,,
השקייה,מחברים ,"מחבר מהיר 1/2"" ",1510000012,3551691302609,LQ42,אלגו,1510000012.jpg,1510000012.doc,1,₪ 5.00,
השקייה,מחברים ,"מחבר מהיר 3/4"" ",1510000013,3551691302500,LQ44,אלגו,1510000013.jpg,1510000013.doc,1,₪ 5.00,
השקייה,מחברים ,"מחבר תיקון 1/2"" ",1510000014,3551691310307,LQ32,אלגו,1510000014.jpg,1510000014.doc,1,₪ 5.00,
השקייה,מחברים ,"מחבר תיקון 3/4"" ",1510000015,3551691310307,LQ34,אלגו,1510000015.jpg,1510000015.doc,1,₪ 5.00,
השקייה,מחברים ,מתאם כפול,1510000016,3551691308403,LQ5,אלגו,1510000016.jpg,1510000016.doc,1,,
השקייה,מחברים ,מתאם משולש,1510000017,3551691308502,LQ6,אלגו,1510000017.jpg,1510000017.doc,1,,
השקייה,מחברים ,מחבר הברגה חיצונית “3/4,1510000018,3551691308304,LQ9,אלגו,1510000018.jpg,1510000018.doc,1,,
השקייה,מחברים ,"מתאם לברז ”3/4-""1",1510000019,3551691307604,LQ04,אלגו,1510000019.jpg,1510000019.doc,1,,
השקייה,מחברים ,מתאם לברז “3/4 -“1/2 מס’ יח’ באריזה ברקוד,1510000020,,LQ01,אלגו,1510000020.jpg,1510000020.doc,1,,
השקייה,מחברים ,מפצל לצינור גינה,1510000021,3551699308702,LQNY,אלגו,1510000021.jpg,1510000021.doc,1,,
השקייה,מחברים ,"מתאם לברז “3/4
",1510000022,3551691308205,LQ1,אלגו,1510000022.jpg,1510000022.doc,1,,
השקייה,מחברים ,מתאם לברז “1,1510000023,3551691302609,LQ12,אלגו,1510000023.jpg,1510000023.doc,1,,
השקייה,מחברים ,"מפצל הברגה ""1 - ""3/4 ",1510000024,7290008489126,MTC,אלגו,1510000024.jpg,1510000024.doc,1,,
השקייה,גלגלת,גלגלת ל-60 מטר מרכבת,1510000025,7290010597987,LHR11M,אלגו,1510000025.jpg,1510000025.doc,1,,
השקייה,גלגלת,גלגלת מורכבת + 25 מטר ואביזרים ,1510000026,7290013369444,LHK5-25,אלגו,1510000026.jpg,1510000026.doc,1,,
השקייה,גלגלת,גלגלת מורכבת + 20 מטר ואביזרים ,1510000027,7290008489478,LHK5-20,אלגו,1510000027.jpg,1510000027.doc,1,,
השקייה,גלגלת,מתלה לצינור גינה,1510000028,3551691900102,MHH,אלגו,1510000028.jpg,1510000028.doc,1,,
השקייה,צינור גן ,צינור גן “ NTS 1/2,1510000029,8011963006598,NTS-15,אלגו,1510000029.jpg,1510000029.doc,1,₪ 75.00,
השקייה,צינור גן ,צינור גן “ NTS 1/2,1510000030,"8011963731674
",NTS-20,אלגו,1510000030.jpg,1510000030.doc,1,₪ 95.00,
השקייה,צינור גן ,צינור גן “ NTS 1/2,1510000031,"8011963006604
",NTS-25,אלגו,1510000031.jpg,1510000031.doc,1,₪ 120.00,
השקייה,צינור גן ,צינור גן “ NTS 1/2,1510000032,"8011963747279
",NTS-30,אלגו,1510000032.jpg,1510000032.doc,1,₪ 150.00,
השקייה,צינור גן ,צינור גן “ NTS 1/2,1510000033,"8011963747248
",NTS-50,אלגו,1510000033.jpg,1510000033.doc,1,₪ 250.00,
השקייה,צינור גן ,צינור גן 4\3 NTS,1510000034,8011963747330,"NTS-25  3/4""",אלגו,1510000034.jpg,1510000034.doc,1,₪ 185.00,
השקייה,צינור גן ,צינור גן 4\3 NTS,1510000035,801196374649,"NTS-50  3/4""",אלגו,1510000035.jpg,1510000035.doc,1,₪ 370.00,
השקייה,צינור גן ,צינור 1.5 מטר + אביזרים,1510000036,7290008489386,HTS-4,אלגו,1510000036.jpg,1510000036.doc,1,₪ 16.00,
השקייה,ממטרה,ממטרת גיזרה מס,1510000037,7290001563878,80B4,אלגו,1510000037.jpg,1510000037.doc,1,₪ 18.00,
השקייה,ממטרה,ממטיר 6 מצבים,1510000038,"3551690354005
",L6W,אלגו,1510000038.jpg,1510000038.doc,1,₪ 20.00,
השקייה,ממטרה,ממטיר 9 מצבים,1510000039,"7290008489485
",L9W,אלגו,1510000039.jpg,1510000039.doc,1,₪ 25.00,
השקייה,ממטרה,ממטרת מניפה,1510000040,7290008489164,L209R,אלגו,1510000040.jpg,1510000040.doc,1,,
השקייה,ממטרה,ממטיר זרועות על בסיס,1510000041,"7290001563083
",L242Q,אלגו,1510000041.jpg,1510000041.doc,1,₪ 35.00,
השקייה,ממטרה,ממטרת גיזרה על בסיס,1510000042,3551699353702,72302,אלגו,1510000042.jpg,1510000042.doc,1,,
השקייה,קוצב אלקטרוני,"קוצב אלקטרוני לברז אחד,עם ברז דיאפרגמה",1510000043,7290013679048,WT-068,אלגו,1510000043.jpg,1510000043.doc,1,₪ 135.00,
השקייה,דוקרן,רגלית מתכת,1510000044,7290001810477,L16M,אלגו,1510000044.jpg,1510000044.doc,1,,
השקייה,דוקרן,רגלית פלסטיק,1510000045,"3551690211100
",L15QM,אלגו,1510000045.jpg,1510000045.doc,1,,
השקייה,טפטפת,טפטפת מיני קו 2 ל/ש לצינור 4/6.5 מ″מ,1510000046,"3551699072009
",PACK-A,אלגו,1510000046.jpg,1510000046.doc,10,,
השקייה,טפטפת,טפטפת דקר 1 ל/ש לצינור 3/5 מ″מ,1510000047,7290001810859,Pack-U,אלגו,1510000047.jpg,1510000047.doc,10,,
השקייה,טפטפת,טפטפת עציץ 1 ל/ש,1510000048,,NA1,אלגו,1510000048.jpg,1510000048.doc,50,,
השקייה,טפטפת,טפטפת עציץ 2 ל/ש,1510000049,,NA2,אלגו,1510000049.jpg,1510000049.doc,50,,
השקייה,טפטפת,טפטפת עציץ 4 ל/ש,1510000050,,NA4,אלגו,1510000050.jpg,1510000050.doc,50,,
השקייה,טפטפת,טפטפת עציץ 8 ל/ש,1510000051,,NA8,אלגו,1510000051.jpg,1510000051.doc,50,,
השקייה,מחברים ,"מחבר תחילית 3/5-4/6.5 מ″מ
",1510000052,"3551690808300
",PACK-P,אלגו,1510000052.jpg,1510000052.doc,10,,
השקייה,מחברים ,זינגר לצינור 3/5-4/6.5 מ″מ,1510000053,3551699086808,"PACK-M
",אלגו,1510000053.jpg,1510000053.doc,10,,
השקייה,מחברים ,"ברזון לצינור 4/6.5 מ″מ
",1510000054,3551690808201,PACK-N,אלגו,1510000054.jpg,1510000054.doc,10,,
השקייה,מחברים ,פקק תיקון,1510000055,3551690808409,PACK-R,אלגו,1510000055.jpg,1510000055.doc,10,,
השקייה,מחברים ,"מחבר תיקון 4/6.5 מ""מ",1510000056,,L2262,אלגו,1510000056.jpg,1510000056.doc,10,,
השקייה,מחברים ,מייצב לצינור 3/5-4/6.5 מ″מ,1510000057,3551699105004,PACK-O,אלגו,1510000057.jpg,1510000057.doc,10,,
השקייה,מחברים ,מייצב פלסטי 16 מ″מ חום,1510000058,7290001563052,LS16C,אלגו,1510000058.jpg,1510000058.doc,6,,
השקייה,מחברים ,מייצב מתכת 16 מ″מ,1510000059,,SPF,אלגו,1510000059.jpg,1510000059.doc,100,,
השקייה,מחברים ,חיבור שן 16 מ″מ,1510000060,,BCJ,אלגו,1510000060.jpg,1510000060.doc,100,₪ 1.00,
השקייה,מחברים ,חיבור שן 16 מ″מ,1510000061,7290001563311,PACK-H,אלגו,1510000061.jpg,1510000061.doc,10,₪ 1.00,
השקייה,מחברים ,זווית שן 16 מ″מ,1510000062,,BCE,אלגו,1510000062.jpg,1510000062.doc,100,₪ 1.00,
השקייה,מחברים ,זווית שן 16 מ″מ,1510000063,"7290001563328
",PACK-J,אלגו,1510000063.jpg,1510000063.doc,10,₪ 1.00,
השקייה,מחברים ,חיבור T שן 16 מ″מ,1510000064,,BCT,אלגו,1510000064.jpg,1510000064.doc,100,₪ 1.00,
השקייה,מחברים ,חיבור T שן 16 מ″מ,1510000065,7290001563335,PACK-I,אלגו,1510000065.jpg,1510000065.doc,10,₪ 1.00,
השקייה,מחברים ,סופית לצינור 16 מ″מ,1510000066,,E16,אלגו,1510000066.jpg,1510000066.doc,100,₪ 1.00,
השקייה,מחברים ,סופית לצינור 16 מ″מ,1510000067,"7290010597093
",PACK-K,אלגו,1510000067.jpg,1510000067.doc,10,₪ 1.00,
השקייה,צינורית,צינורית 3/5 מ″מ 100מ',1510000068,,צינורית 3/5 מ″מ 100מ',אלגו,1510000068.jpg,1510000068.doc,1,₪ 60.00,
השקייה,צינורית,צינורית 3/5 מ″מ  10מ',1510000069,7290011945091,צינורית 3/5 מ″מ  10מ',אלגו,1510000069.jpg,1510000069.doc,1,₪ 10.00,
השקייה,צינורית,צינורית 4/6.5 מ″מ  100מ' ,1510000070,"7290011945039
",צינורית 4/6.5 מ″מ  100מ' ,אלגו,1510000070.jpg,1510000070.doc,1,₪ 70.00,
השקייה,צינורית,צינורית 4/6.5 מ″מ 10מ',1510000071,"3551699092007
",צינורית 4/6.5 מ″מ 10מ',אלגו,1510000071.jpg,1510000071.doc,1,₪ 10.00,
השקייה,מחורר,מחורר ל 3 מ″מ,1510000072,3551699104007,PACK-T,אלגו,1510000072.jpg,1510000072.doc,1,₪ 13.00,
השקייה,מחברים ,מחבר ישר 8 מ׳׳מ,1510000073,7290012284489,J8,אלגו,1510000073.jpg,1510000073.doc,10,,
השקייה,מחברים ,מחבר זווית 8 מ׳׳מ,1510000074,7290012284496,EL8,אלגו,1510000074.jpg,1510000074.doc,10,,
השקייה,מחברים ,"יתד פלסטיק 8 מ""מ",1510000075,7290012284502,LS8,אלגו,1510000075.jpg,1510000075.doc,10,,
השקייה,מחברים ,מחבר הסתעפות 8 מ׳׳מ,1510000076,7290012284472,T8,אלגו,1510000076.jpg,1510000076.doc,10,,
השקייה,טפטוף,8/25/0.3טפטוף,1510000077,7290013857590,שלוחת טפטוף 8 מ׳׳מ,אלגו,1510000077.jpg,1510000077.doc,1,₪ 40.00,
השקייה,טפטוף,8/25/0.2טפטוף,1510000078,7290013857873,שלוחת טפטוף 8 מ׳׳מ,אלגו,1510000078.jpg,1510000078.doc,1,₪ 40.00,
השקייה,טפטוף,8/25/0.15טפטוף,1510000079,7290013857552,שלוחת טפטוף 8 מ׳׳מ,אלגו,1510000079.jpg,1510000079.doc,1,₪ 40.00,
השקייה,טפטוף,8/25/Bעוור,1510000080,7290013857866,שלוחת טפטוף 8 מ׳׳מ,אלגו,1510000080.jpg,1510000080.doc,1,₪ 40.00,
השקייה,מתז,"מתז 90º מעלות + ברזון, צינורית ומחבר.",1510000081,3551691580700,MQ1S,אלגו,1510000081.jpg,1510000081.doc,1,₪ 5.00,
השקייה,מתז,"מתז 180º מעלות + ברזון ,צינורית ומחבר.",1510000082,3551691580908,MH2S,אלגו,1510000082.jpg,1510000082.doc,1,₪ 5.00,
השקייה,מתז,"מתז 360º מעלות + עמדה כוללת ברזון,צינורית ומחבר. ",1510000083,3551691581103,MFOS,אלגו,1510000083.jpg,1510000083.doc,1,,
השקייה,מתז,"ממטירון 360º מעלות +  עמדה כוללת ברזון,צינורית ומחבר.",1510000084,3551691581707,MR3S,אלגו,1510000084.jpg,1510000084.doc,1,₪ 5.00,
השקייה,מתז," מתז 5ס""מ כניסה 2\1 טווח 2.7מ",1510000085,,US-208,אלגו,1510000085.jpg,1510000085.doc,1,,
השקייה,מתז,"מתז 5ס""מ כניסה 2\1 טווח 3.1מ",1510000086,,US-210 ריין בירד,אלגו,1510000086.jpg,1510000086.doc,1,,
השקייה,מתז,"מתז 5ס""מ כניסה 2\1 טווח 3.7מ",1510000087,,US-212,אלגו,1510000087.jpg,1510000087.doc,1,,
השקייה,מתז,"מתז 5ס""מ כניסה 2\1 טווח 4.6מ",1510000088,,US-215,אלגו,1510000088.jpg,1510000088.doc,1,,
השקייה,מתז,"מתז 5ס""מ כניסה 2\1 טווח 5.5מ",1510000089,,US-218,אלגו,1510000089.jpg,1510000089.doc,1,,
השקייה,מתז,"מתז 10ס""מ 2\1 טווח 1.2מ",1510000090,,4-VAN,אלגו,1510000090.jpg,1510000090.doc,1,,
השקייה,מתז,"מתז 10ס""מ 2\1 טווח 1.8מ",1510000091,,6-VAN,אלגו,1510000091.jpg,1510000091.doc,1,,
השקייה,מתז,"מתז 10ס""מ 2\1 טווח 2.4מ",1510000092,,8 HE-VAN,אלגו,1510000092.jpg,1510000092.doc,1,,
השקייה,מתז,"מתז 10ס""מ 2\1 טווח 3.1מ",1510000093,,10 HE-VAN,אלגו,1510000093.jpg,1510000093.doc,1,,
השקייה,מתז,"מתז 10ס""מ 2\1 טווח 3.7מ",1510000094,,12 HE-VAN,אלגו,1510000094.jpg,1510000094.doc,1,,
השקייה,מתז,"מתז 10ס""מ 2\1 טווח 4.6מ",1510000095,,15 HE-VAN,אלגו,1510000095.jpg,1510000095.doc,1,,
השקייה,ממטיר,"מתז 10ס""מ 2\1 טווח 5.5מ",1510000096,,18 VAN,אלגו,1510000096.jpg,1510000096.doc,1,,
השקייה,ממטיר,"ממטירי גיר 5000, מתכווננן 40º-360º, גובה 10 ס""מ, כניסה 3/4""  טווח השקיה 7.6-15.2 מ'",1510000097,,5004,אלגו,1510000097.jpg,1510000097.doc,1,,
השקייה,ממטיר,"ממטירי גיר 5000, מתכווננן 40º-360º, גובה 10 ס""מ, כניסה 3/4""  טווח השקיה 7.6-15.2 מ' כולל אלנגר",1510000098,,"PSAM 5004
 ",אלגו,1510000098.jpg,1510000098.doc,1,,
השקייה,ממטיר,"ממטירי גיר 3500. גובה 10 ס""מ, כניסה 1/2 "" טווח השקיה - 4,6-10,7 מ'",1510000099,,3504,אלגו,1510000099.jpg,1510000099.doc,1,,
דשא,דשא,"דשא בייסיק 1ס""מ 2מטר",2510000001,,basic,דשא-דשא,2510000001.jpg,2510000001.doc,2*25  ,,
דשא,דשא,"דשא רטרו 2.7ס""מ ",2510000002,,retro,דשא-דשא,2510000002.jpg,2510000002.doc,2*25  4*25,,
דשא,דשא,"דשא רויאל 2.8ס""מ ",2510000003,,royal,דשא-דשא,2510000003.jpg,2510000003.doc,2*25  4*25,₪ 35.00,
דשא,דשא,"דשא סילבר 4ס""מ ",2510000004,,silver,דשא-דשא,2510000004.jpg,2510000004.doc,2*25  4*25,₪ 55.00,
דשא,דשא,"דשא סיטי 3.8ס""מ ",2510000005,,city,דשא-דשא,2510000005.jpg,2510000005.doc,2*25  4*25,₪ 45.00,
דשא,דשא,"דשא גולד 4ס""מ ",2510000006,,gold,דשא-דשא,2510000006.jpg,2510000006.doc,2*25  4*25,₪ 55.00,
דשא,דשא,"דשא אולטרה 1.7 ס""מ ",2510000007,,ultra,דשא-דשא,2510000007.jpg,2510000007.doc,2*25  4*25,,
דשא,דשא,"דשא אורבן 4ס""מ ",2510000008,,urban,דשא-דשא,2510000008.jpg,2510000008.doc,2*25  4*25,,
דשא,דשא,"דשא אקסטרא 4.4 ס""מ ",2510000009,,extra,דשא-דשא,2510000009.jpg,2510000009.doc,2*25  4*25,₪ 68.00,
דשא,ציוד נלווה,דבק מיוחד למשטחי דשא סינטטי,2511000001,,,דשא-דשא,2511000001.jpg,2511000001.doc,1,,
דשא,ציוד נלווה,PVC סרט הדבקה,2511000002,,,דשא-דשא,2511000002.jpg,2511000002.doc,1,,
דשא,ציוד נלווה,יתד מגולוון (מסמרים),2511000003,,,דשא-דשא,2511000003.jpg,2511000003.doc,1,,
דשא,ציוד נלווה,יריעת פלריג,2511000004,,,דשא-דשא,2511000004.jpg,2511000004.doc,1,,
דשא,ציוד נלווה,תוחם דשא ראש צינור,2511000005,,,דשא-דשא,2511000005.jpg,2511000005.doc,1,,
דשא,ציוד נלווה,סכין יפני,2511000006,,,דשא-דשא,2511000006.jpg,2511000006.doc,1,,
מיכלי שמן,מיכל,מיכל נירוסטה  10ליטר + ברז,3500000001,,101111,,3500000001.jpg,3500000001.doc,1,,
מיכלי שמן,מיכל,מיכל נירוסטה 15 ליטר + ברז,3500000002,,101115,,3500000002.jpg,3500000002.doc,1,,
מיכלי שמן,מיכל,מיכל נירוסטה 20 ליטר + ברז,3500000003,,101120,,3500000003.jpg,3500000003.doc,1,₪ 270.00,
מיכלי שמן,מיכל,מיכל נירוסטה 25 ליטר + ברז,3500000004,,101125,,3500000004.jpg,3500000004.doc,1,₪ 280.00,
מיכלי שמן,מיכל,מיכל נירוסטה 30 ליטר + ברז,3500000005,,101130,,3500000005.jpg,3500000005.doc,1,₪ 300.00,
מיכלי שמן,מיכל,מיכל נירוסטה 50 ליטר + ברז,3500000006,,101150,,3500000006.jpg,3500000006.doc,1,₪ 340.00,
מיכלי שמן,מיכל,מיכל נירוסטה 75 ליטר + ברז,3500000007,,101175,,3500000007.jpg,3500000007.doc,1,₪ 420.00,
מיכלי שמן,מיכל,מיכל נירוסטה 100 ליטר + ברז,3500000008,,1011100,,3500000008.jpg,3500000008.doc,1,₪ 500.00,
מיכלי שמן,מעמד מיכל,"מעמד נירוסטה נייח למיכל 30+50+75 370מ""מ",3500000009,,10163050,,3500000009.jpg,3500000009.doc,1,₪ 150.00,
מיכלי שמן,מעמד מיכל,"מעמד נירוסטה נייח למיכל 100 455מ""מ",3500000010,,1018100150,,3500000010.jpg,3500000010.doc,1,₪ 170.00,
מיכלי שמן,ברז מיכל,ברז למיכל 2\1 כרום,3500000011,,101112,,3500000011.jpg,3500000011.doc,1,₪ 90.00,
מיכלי שמן,מיכל,מיכל נירוסטה + מעמד פלסטיק + ברז 2ליטר,3500000012,,10102,,3500000012.jpg,3500000012.doc,1,₪ 280.00,
מיכלי שמן,מיכל,מיכל נירוסטה + מעמד פלסטיק + ברז 3ליטר,3500000013,,10103,,3500000013.jpg,3500000013.doc,1,₪ 295.00,
מיכלי שמן,מיכל,מיכל נירוסטה + מעמד פלסטיק + ברז 5ליטר,3500000014,,10105,,3500000014.jpg,3500000014.doc,1,₪ 335.00,
מנערת,,מנערת זיתים פלקון 12וולט,4500000001,,פלקון 12וולט,זנון ,4500000001.jpg,4500000001.doc,1,"₪ 3,500.00",
מנערת,,מנערת זיתים אוליביר 12וולט,4500000002,,אוליביר 12וולט,זנון ,4500000002.jpg,4500000002.doc,1,"₪ 2,500.00",
מנערת,,מנערת זיתים יוונית 12 וולט,4500000003,,X32,Agrotechnic,4500000003.jpg,4500000003.doc,1,"₪ 2,000.00",